Read times - Voltage graph,Voltage(V) - Voltage graph
0,5.14
1,5.14
2,5.14
3,5.14
4,5.13
5,5.13
6,5.13
7,5.13
8,5.13
9,5.13
10,5.13
11,5.13
12,5.13
13,5.13
14,5.13
15,5.13
16,5.13
17,5.13
18,5.13
19,5.13
20,5.13
21,5.13
22,5.13
23,5.13
24,5.13
25,5.13
26,5.13
27,5.13
28,5.13
29,5.13
30,5.13
31,5.13
32,5.13
33,5.13
34,5.13
35,5.13
36,5.13
37,5.13
38,5.13
39,5.13
40,5.13
41,5.13
42,5.13
43,5.13
44,5.13
45,5.13
46,5.13
47,5.13
48,5.13
49,5.13
50,5.13
51,5.13
52,5.13
53,5.13
54,5.13
55,5.13
56,5.13
57,5.13
58,5.13
59,5.13
60,5.13
61,5.13
62,5.13
63,5.13
64,5.13
65,5.13
66,5.13
67,5.13
68,5.13
69,5.13
70,5.13
71,5.13
72,5.13
73,5.13
74,5.13
75,5.13
76,5.13
77,5.13
78,5.13
79,5.13
80,5.13
81,5.13
82,5.13
83,5.13
84,5.13
85,5.13
86,5.13
87,5.13
88,5.13
89,5.13
90,5.13
91,5.13
92,5.13
93,5.13
94,5.13
95,5.13
96,5.13
97,5.13
98,5.13
99,5.13
100,5.13
101,5.13
102,5.13
103,5.13
104,5.13
105,5.13
106,5.13
107,5.13
108,5.13
109,5.13
110,5.13
111,5.13
112,5.13
113,5.13
114,5.13
115,5.13
116,5.13
117,5.13
118,5.13
119,5.13
120,5.13
121,5.13
122,5.13
123,5.13
124,5.13
125,5.13
126,5.13
127,5.13
128,5.13
129,5.13
130,5.13
131,5.13
132,5.13
133,5.13
134,5.13
135,5.13
136,5.13
137,5.13
138,5.13
139,5.13
140,5.13
141,5.13
142,5.13
143,5.13
144,5.13
145,5.13
146,5.13
147,5.13
148,5.13
149,5.13
150,5.13
151,5.13
152,5.13
153,5.13
154,5.13
155,5.13
156,5.13
157,5.13
158,5.13
159,5.13
160,5.13
161,5.13
162,5.13
163,5.13
164,5.13
165,5.13
166,5.13
167,5.13
168,5.13
169,5.13
170,5.13
171,5.13
172,5.13
173,5.13
174,5.13
175,5.13
176,5.13
177,5.13
178,5.13
179,5.13
180,5.13
181,5.13
182,5.13
183,5.13
184,5.13
185,5.13
186,5.13
187,5.13
188,5.13
189,5.13
190,5.13
191,5.13
192,5.13
193,5.13
194,5.13
195,5.13
196,5.13
197,5.13
198,5.13
199,5.13
200,5.13
201,5.13
202,5.13
203,5.13
204,5.13
205,5.13
206,5.13
207,5.13
208,5.13
209,5.13
210,5.13
211,5.13
212,5.13
213,5.13
214,5.13
215,5.13
216,5.13
217,5.13
218,5.13
219,5.13
220,5.13
221,5.13
222,5.13
223,5.13
224,5.13
225,5.13
226,5.13
227,5.13
228,5.13
229,5.13
230,5.13
231,5.13
232,5.13
233,5.13
234,5.13
235,5.13
236,5.13
237,5.13
238,5.13
239,5.13
240,5.13
241,5.13
242,5.13
243,5.13
244,5.13
245,5.13
246,5.13
247,5.13
248,5.13
249,5.13
250,5.13
251,5.13
252,5.13
253,5.13
254,5.13
255,5.13
256,5.13
257,5.13
258,5.13
259,5.13
260,5.13
261,5.13
262,5.13
263,5.13
264,5.13
265,5.13
266,5.13
267,5.13
268,5.13
269,5.13
270,5.13
271,5.13
272,5.13
273,5.13
274,5.13
275,5.13
276,5.13
277,5.13
278,5.13
279,5.13
280,5.13
281,5.13
282,5.13
283,5.13
284,5.13
285,5.13
286,5.13
287,5.13
288,5.13
289,5.13
290,5.13
291,5.13
292,5.13
293,5.13
294,5.13
295,5.13
296,5.13
297,5.13
298,5.13
299,5.13
300,5.13
301,5.13
302,5.13
303,5.13
304,5.13
305,5.13
306,5.13
307,5.13
308,5.13
309,5.13
310,5.13
311,5.13
312,5.13
313,5.13
314,5.13
315,5.13
316,5.13
317,5.13
318,5.13
319,5.13
320,5.13
321,5.13
322,5.13
323,5.13
324,5.13
325,5.13
326,5.13
327,5.13
328,5.13
329,5.13
330,5.13
331,5.13
332,5.13
333,5.13
334,5.13
335,5.13
336,5.13
337,5.13
338,5.13
339,5.13
340,5.13
341,5.13
342,5.13
343,5.13
344,5.13
345,5.13
346,5.13
347,5.13
348,5.13
349,5.13
350,5.13
351,5.13
352,5.13
353,5.13
354,5.13
355,5.13
356,5.13
357,5.13
358,5.13
359,5.13
360,5.13
361,5.13
362,5.13
363,5.13
364,5.13
365,5.13
366,5.13
367,5.13
368,5.13
369,5.13
370,5.13
371,5.13
372,5.13
373,5.13
374,5.13
375,5.13
376,5.13
377,5.13
378,5.13
379,5.13
380,5.13
381,5.13
382,5.13
383,5.13
384,5.13
385,5.13
386,5.13
387,5.13
388,5.13
389,5.13
390,5.13
391,5.13
392,5.13
393,5.13
394,5.13
395,5.13
396,5.13
397,5.13
398,5.13
399,5.13
400,5.13
401,5.13
402,5.13
403,5.13
404,5.13
405,5.13
406,5.13
407,5.13
408,5.13
409,5.13
410,5.13
411,5.13
412,5.13
413,5.13
414,5.13
415,5.13
416,5.13
417,5.13
418,5.13
419,5.13
420,5.13
421,5.13
422,5.13
423,5.13
424,5.13
425,5.13
426,5.13
427,5.13
428,5.13
429,5.13
430,5.13
431,5.13
432,5.13
433,5.13
434,5.13
435,5.13
436,5.13
437,5.13
438,5.13
439,5.13
440,5.13
441,5.13
442,5.13
443,5.13
444,5.13
445,5.13
446,5.13
447,5.13
448,5.13
449,5.13
450,5.13
451,5.13
452,5.13
453,5.13
454,5.13
455,5.13
456,5.13
457,5.13
458,5.13
459,5.13
460,5.13
461,5.13
462,5.13
463,5.13
464,5.13
465,5.13
466,5.13
467,5.13
468,5.13
469,5.13
470,5.13
471,5.13
472,5.13
473,5.13
474,5.13
475,5.13
476,5.13
477,5.13
478,5.13
479,5.13
480,5.13
481,5.13
482,5.13
483,5.13
484,5.13
485,5.13
486,5.13
487,5.13
488,5.13
489,5.13
490,5.13
491,5.13
492,5.13
493,5.13
494,5.13
495,5.13
496,5.13
497,5.13
498,5.13
499,5.13
500,5.13
501,5.13
502,5.13
503,5.13
504,5.13
505,5.13
506,5.13
507,5.13
508,5.13
509,5.13
510,5.13
511,5.13
512,5.13
513,5.13
514,5.13
515,5.13
516,5.13
517,5.13
518,5.13
519,5.13
520,5.13
521,5.13
522,5.13
523,5.13
524,5.13
525,5.13
526,5.13
527,5.13
528,5.13
529,5.13
530,5.13
531,5.13
532,5.13
533,5.13
534,5.13
535,5.13
536,5.13
537,5.13
538,5.13
539,5.13
540,5.13
541,5.13
542,5.13
543,5.13
544,5.13
545,5.13
546,5.13
547,5.13
548,5.13
549,5.13
550,5.13
551,5.13
552,5.13
553,5.13
554,5.13
555,5.13
556,5.13
557,5.13
558,5.13
559,5.13
560,5.13
561,5.13
562,5.13
563,5.13
564,5.13
565,5.13
566,5.13
567,5.13
568,5.13
569,5.13
570,5.13
571,5.13
572,5.13
573,5.13
574,5.13
575,5.13
576,5.13
577,5.13
578,5.13
579,5.13
580,5.13
581,5.13
582,5.13
583,5.13
584,5.13
585,5.13
586,5.13
587,5.13
588,5.13
589,5.13
590,5.13
591,5.13
592,5.13
593,5.13
594,5.13
595,5.13
596,5.13
597,5.13
598,5.13
599,5.13
600,5.13
601,5.13
602,5.13
603,5.13
604,5.13
605,5.13
606,5.13
607,5.13
608,5.13
609,5.13
610,5.13
611,5.13
612,5.13
613,5.13
614,5.13
615,5.13
616,5.13
617,5.13
618,5.13
619,5.13
620,5.13
621,5.13
622,5.13
623,5.13
624,5.13
625,5.13
626,5.13
627,5.13
628,5.13
629,5.13
630,5.13
631,5.13
632,5.13
633,5.13
634,5.13
635,5.13
636,5.13
637,5.13
638,5.13
639,5.13
640,5.13
641,5.13
642,5.13
643,5.13
644,5.13
645,5.13
646,5.13
647,5.13
648,5.13
649,5.13
650,5.13
651,5.13
652,5.13
653,5.13
654,5.13
655,5.13
656,5.13
657,5.13
658,5.13
659,5.13
660,5.13
661,5.13
662,5.13
663,5.13
664,5.13
665,5.13
666,5.13
667,5.13
668,5.13
669,5.13
670,5.13
671,5.13
672,5.13
673,5.13
674,5.13
675,5.13
676,5.13
677,5.13
678,5.13
679,5.13
680,5.13
681,5.13
682,5.13
683,5.13
684,5.13
685,5.13
686,5.13
687,5.13
688,5.13
689,5.13
690,5.13
691,5.13
692,5.13
693,5.13
694,5.13
695,5.13
696,5.13
697,5.13
698,5.13
699,5.13
700,5.13
701,5.13
702,5.13
703,5.13
704,5.13
705,5.13
706,5.13
707,5.13
708,5.13
709,5.13
710,5.13
711,5.13
712,5.13
713,5.13
714,5.13
715,5.13
716,5.13
717,5.13
718,5.13
719,5.13
720,5.13
721,5.13
722,5.13
723,5.13
724,5.13
725,5.13
726,5.13
727,5.13
728,5.13
729,5.13
730,5.13
731,5.13
732,5.13
733,5.13
734,5.13
735,5.13
736,5.13
737,5.13
738,5.13
739,5.13
740,5.13
741,5.13
742,5.13
743,5.13
744,5.13
745,5.13
746,5.13
747,5.13
748,5.13
749,5.13
750,5.13
751,5.13
752,5.13
753,5.13
754,5.13
755,5.13
756,5.13
757,5.13
758,5.13
759,5.13
760,5.13
761,5.13
762,5.13
763,5.13
764,5.13
765,5.13
766,5.13
767,5.13
768,5.13
769,5.13
770,5.13
771,5.13
772,5.13
773,5.13
774,5.13
775,5.13
776,5.13
777,5.13
778,5.13
779,5.13
780,5.13
781,5.13
782,5.13
783,5.13
784,5.13
785,5.13
786,5.13
787,5.13
788,5.13
789,5.13
790,5.13
791,5.13
792,5.13
793,5.13
794,5.13
795,5.13
796,5.13
797,5.13
798,5.13
799,5.13
800,5.13
801,5.13
802,5.13
803,5.13
804,5.13
805,5.13
806,5.13
807,5.13
808,5.13
809,5.13
810,5.13
811,5.13
812,5.13
813,5.13
814,5.13
815,5.13
816,5.13
817,5.13
818,5.13
819,5.13
820,5.13
821,5.13
822,5.13
823,5.13
824,5.13
825,5.13
826,5.13
827,5.13
828,5.13
829,5.13
830,5.13
831,5.13
832,5.13
833,5.13
834,5.13
835,5.13
836,5.13
837,5.13
838,5.13
839,5.13
840,5.13
841,5.13
842,5.13
843,5.13
844,5.13
845,5.13
846,5.13
847,5.13
848,5.13
849,5.13
850,5.13
851,5.13
852,5.13
853,5.13
854,5.13
855,5.13
856,5.13
857,5.13
858,5.13
859,5.13
860,5.13
861,5.13
862,5.13
863,5.13
864,5.13
865,5.13
866,5.13
867,5.13
868,5.13
869,5.13
870,5.13
871,5.13
872,5.13
873,5.13
874,5.13
875,5.13
876,5.13
877,5.13
878,5.13
879,5.13
880,5.13
881,5.13
882,5.13
883,5.13
884,5.13
885,5.13
886,5.13
887,5.13
888,5.13
889,5.13
890,5.13
891,5.13
892,5.13
893,5.13
894,5.13
895,5.13
896,5.13
897,5.13
898,5.13
899,5.13
900,5.13
901,5.13
902,5.13
903,5.13
904,5.13
905,5.13
906,5.13
907,5.13
908,5.13
909,5.13
910,5.13
911,5.13
912,5.13
913,5.13
914,5.13
915,5.13
916,5.13
917,5.13
918,5.13
919,5.13
920,5.13
921,5.13
922,5.13
923,5.13
924,5.13
925,5.13
926,5.13
927,5.13
928,5.13
929,5.13
930,5.13
931,5.13
932,5.13
933,5.13
934,5.13
935,5.13
936,5.13
937,5.13
938,5.13
939,5.13
940,5.13
941,5.13
942,5.13
943,5.13
944,5.13
945,5.13
946,5.13
947,5.13
948,5.13
949,5.13
950,5.13
951,5.13
952,5.13
953,5.13
954,5.13
955,5.13
956,5.13
957,5.13
958,5.13
959,5.13
960,5.13
961,5.13
962,5.13
963,5.13
964,5.13
965,5.13
966,5.13
967,5.13
968,5.13
969,5.13
970,5.13
971,5.13
972,5.13
973,5.13
974,5.13
975,5.13
976,5.13
977,5.13
978,5.13
979,5.13
980,5.13
981,5.13
982,5.13
983,5.13
984,5.13
985,5.13
986,5.13
987,5.13
988,5.13
989,5.13
990,5.13
991,5.13
992,5.13
993,5.13
994,5.13
995,5.13
996,5.13
997,5.13
998,5.13
999,5.13
1000,5.13
1001,5.13
1002,5.13
1003,5.13
1004,5.13
1005,5.13
1006,5.13
1007,5.13
1008,5.13
1009,5.13
1010,5.13
1011,5.13
1012,5.13
1013,5.13
1014,5.13
1015,5.13
1016,5.13
1017,5.13
1018,5.13
1019,5.13
1020,5.13
1021,5.13
1022,5.13
1023,5.13
1024,5.13
1025,5.13
1026,5.13
1027,5.13
1028,5.13
1029,5.13
1030,5.13
1031,5.13
1032,5.13
1033,5.13
1034,5.13
1035,5.13
1036,5.13
1037,5.13
1038,5.13
1039,5.13
1040,5.13
1041,5.13
1042,5.13
1043,5.13
1044,5.13
1045,5.13
1046,5.13
1047,5.13
1048,5.13
1049,5.13
1050,5.13
1051,5.13
1052,5.13
1053,5.13
1054,5.13
1055,5.13
1056,5.13
1057,5.13
1058,5.13
1059,5.13
1060,5.13
1061,5.13
1062,5.13
1063,5.13
1064,5.13
1065,5.13
1066,5.13
1067,5.13
1068,5.13
1069,5.13
1070,5.13
1071,5.13
1072,5.13
1073,5.13
1074,5.13
1075,5.13
1076,5.13
1077,5.13
1078,5.13
1079,5.13
1080,5.13
1081,5.13
1082,5.13
1083,5.13
1084,5.13
1085,5.13
1086,5.13
1087,5.13
1088,5.13
1089,5.13
1090,5.13
1091,5.13
1092,5.13
1093,5.13
1094,5.13
1095,5.13
1096,5.13
1097,5.13
1098,5.13
1099,5.13
1100,5.13
1101,5.13
1102,5.13
1103,5.13
1104,5.13
1105,5.13
1106,5.13
1107,5.13
1108,5.13
1109,5.13
1110,5.13
1111,5.13
1112,5.13
1113,5.13
1114,5.13
1115,5.13
1116,5.13
1117,5.13
1118,5.13
1119,5.13
1120,5.13
1121,5.13
1122,5.13
1123,5.13
1124,5.13
1125,5.13
1126,5.13
1127,5.13
1128,5.13
1129,5.13
1130,5.13
1131,5.13
1132,5.13
1133,5.13
1134,5.13
1135,5.13
1136,5.13
1137,5.13
1138,5.13
1139,5.13
1140,5.13
1141,5.13
1142,5.13
1143,5.13
1144,5.13
1145,5.13
1146,5.13
1147,5.13
1148,5.13
1149,5.13
1150,5.13
1151,5.13
1152,5.13
1153,5.13
1154,5.13
1155,5.13
1156,5.13
1157,5.13
1158,5.13
1159,5.13
1160,5.13
1161,5.13
1162,5.13
1163,5.13
1164,5.13
1165,5.13
1166,5.13
1167,5.13
1168,5.13
1169,5.13
1170,5.13
1171,5.13
1172,5.13
1173,5.13
1174,5.13
1175,5.13
1176,5.13
1177,5.13
1178,5.13
1179,5.13
1180,5.13
1181,5.13
1182,5.13
1183,5.13
1184,5.13
1185,5.13
1186,5.13
1187,5.13
1188,5.13
1189,5.13
1190,5.13
1191,5.13
1192,5.13
1193,5.13
1194,5.13
1195,5.13
1196,5.13
1197,5.13
1198,5.13
1199,5.13
1200,5.13
1201,5.13
1202,5.13
1203,5.13
1204,5.13
1205,5.13
1206,5.13
1207,5.13
1208,5.13
1209,5.13
1210,5.13
1211,5.13
1212,5.13
1213,5.13
1214,5.13
1215,5.13
1216,5.13
1217,5.13
1218,5.13
1219,5.13
1220,5.13
1221,5.13
1222,5.13
1223,5.13
1224,5.13
1225,5.13
1226,5.13
1227,5.13
1228,5.13
1229,5.13
1230,5.13
1231,5.13
1232,5.13
1233,5.13
1234,5.13
1235,5.13
1236,5.13
1237,5.13
1238,5.13
1239,5.13
1240,5.13
1241,5.13
1242,5.13
1243,5.13
1244,5.13
1245,5.13
1246,5.13
1247,5.13
1248,5.13
1249,5.13
1250,5.13
1251,5.13
1252,5.13
1253,5.13
1254,5.13
1255,5.13
1256,5.13
1257,5.13
1258,5.13
1259,5.13
1260,5.13
1261,5.13
1262,5.13
1263,5.13
1264,5.13
1265,5.13
1266,5.13
1267,5.13
1268,5.13
1269,5.13
1270,5.13
1271,5.13
1272,5.13
1273,5.13
1274,5.13
1275,5.13
1276,5.13
1277,5.13
1278,5.13
1279,5.13
1280,5.13
1281,5.13
1282,5.13
1283,5.13
1284,5.13
1285,5.13
1286,5.13
1287,5.13
1288,5.13
1289,5.13
1290,5.13
1291,5.13
1292,5.13
1293,5.13
1294,5.13
1295,5.13
1296,5.13
1297,5.13
1298,5.13
1299,5.13
1300,5.13
1301,5.13
1302,5.13
1303,5.13
1304,5.13
1305,5.13
1306,5.13
1307,5.13
1308,5.13
1309,5.13
1310,5.13
1311,5.13
1312,5.13
1313,5.13
1314,5.13
1315,5.13
1316,5.13
1317,5.13
1318,5.13
1319,5.13
1320,5.13
1321,5.13
1322,5.13
1323,5.13
1324,5.13
1325,5.13
1326,5.13
1327,5.13
1328,5.13
1329,5.13
1330,5.13
1331,5.13
1332,5.13
1333,5.13
1334,5.13
1335,5.13
1336,5.13
1337,5.13
1338,5.13
1339,5.13
1340,5.13
1341,5.13
1342,5.13
1343,5.13
1344,5.13
1345,5.13
1346,5.13
1347,5.13
1348,5.13
1349,5.13
1350,5.13
1351,5.13
1352,5.13
1353,5.13
1354,5.13
1355,5.13
1356,5.13
1357,5.13
1358,5.13
1359,5.13
1360,5.13
1361,5.13
1362,5.13
1363,5.13
1364,5.13
1365,5.13
1366,5.13
1367,5.13
1368,5.13
1369,5.13
1370,5.13
1371,5.13
1372,5.13
1373,5.13
1374,5.13
1375,5.13
1376,5.13
1377,5.13
1378,5.13
1379,5.13
1380,5.13
1381,5.13
1382,5.13
1383,5.13
1384,5.13
1385,5.13
1386,5.13
1387,5.13
1388,5.13
1389,5.13
1390,5.13
1391,5.13
1392,5.13
1393,5.13
1394,5.13
1395,5.13
1396,5.13
1397,5.13
1398,5.13
1399,5.13
1400,5.13
1401,5.13
1402,5.13
1403,5.13
1404,5.13
1405,5.13
1406,5.13
1407,5.13
1408,5.13
1409,5.13
1410,5.13
1411,5.13
1412,5.13
1413,5.13
1414,5.13
1415,5.13
1416,5.13
1417,5.13
1418,5.13
1419,5.13
1420,5.13
1421,5.13
1422,5.13
1423,5.13
1424,5.13
1425,5.13
1426,5.13
1427,5.13
1428,5.13
1429,5.13
1430,5.13
1431,5.13
1432,5.13
1433,5.13
1434,5.13
1435,5.13
1436,5.13
1437,5.13
1438,5.13
1439,5.13
1440,5.13
1441,5.13
1442,5.13
1443,5.13
1444,5.13
1445,5.13
1446,5.13
1447,5.13
1448,5.13
1449,5.13
1450,5.13
1451,5.13
1452,5.13
1453,5.13
1454,5.13
1455,5.13
1456,5.13
1457,5.13
1458,5.13
1459,5.13
1460,5.13
1461,5.13
1462,5.13
1463,5.13
1464,5.13
1465,5.13
1466,5.13
1467,5.13
1468,5.13
1469,5.13
1470,5.13
1471,5.13
1472,5.13
1473,5.13
1474,5.13
1475,5.13
1476,5.13
1477,5.13
1478,5.13
1479,5.13
1480,5.13
1481,5.13
1482,5.13
1483,5.13
1484,5.13
1485,5.13
1486,5.13
1487,5.13
1488,5.13
1489,5.13
1490,5.13
1491,5.13
1492,5.13
1493,5.13
1494,5.13
1495,5.13
1496,5.13
1497,5.13
1498,5.13
1499,5.13
1500,5.13
1501,5.13
1502,5.13
1503,5.13
1504,5.13
1505,5.13
1506,5.13
1507,5.13
1508,5.13
1509,5.13
1510,5.13
1511,5.13
1512,5.13
1513,5.13
1514,5.13
1515,5.13
1516,5.13
1517,5.13
1518,5.13
1519,5.13
1520,5.13
1521,5.13
1522,5.13
1523,5.13
1524,5.13
1525,5.13
1526,5.13
1527,5.13
1528,5.13
1529,5.13
1530,5.13
1531,5.13
1532,5.13
1533,5.13
1534,5.13
1535,5.13
1536,5.13
1537,5.13
1538,5.13
1539,5.13
1540,5.13
1541,5.13
1542,5.13
1543,5.13
1544,5.13
1545,5.13
1546,5.13
1547,5.13
1548,5.13
1549,5.13
1550,5.13
1551,5.13
1552,5.13
1553,5.13
1554,5.13
1555,5.13
1556,5.13
1557,5.13
1558,5.13
1559,5.13
1560,5.13
1561,5.13
1562,5.13
1563,5.13
1564,5.13
1565,5.13
1566,5.13
1567,5.13
1568,5.13
1569,5.13
1570,5.13
1571,5.13
1572,5.14
1573,5.13
1574,5.13
1575,5.13
1576,5.13
1577,5.13
1578,5.13
1579,5.13
1580,5.13
1581,5.13
1582,5.13
1583,5.13
1584,5.13
1585,5.13
1586,5.13
1587,5.13
1588,5.13
1589,5.13
1590,5.13
1591,5.13
1592,5.13
1593,5.13
1594,5.13
1595,5.13
1596,5.13
1597,5.13
1598,5.13
1599,5.13
1600,5.13
1601,5.13
1602,5.13
1603,5.13
1604,5.13
1605,5.13
1606,5.13
1607,5.13
1608,5.13
1609,5.13
1610,5.13
1611,5.13
1612,5.13
1613,5.13
1614,5.13
1615,5.13
1616,5.13
1617,5.13
1618,5.13
1619,5.13
1620,5.13
1621,5.13
1622,5.13
1623,5.13
1624,5.13
1625,5.13
1626,5.13
1627,5.13
1628,5.13
1629,5.13
1630,5.13
1631,5.13
1632,5.13
1633,5.13
1634,5.13
1635,5.13
1636,5.13
1637,5.13
1638,5.13
1639,5.13
1640,5.13
1641,5.13
1642,5.13
1643,5.13
1644,5.13
1645,5.13
1646,5.13
1647,5.13
1648,5.13
1649,5.13
1650,5.13
1651,5.13
1652,5.13
1653,5.13
1654,5.13
1655,5.13
1656,5.13
1657,5.13
1658,5.13
1659,5.13
1660,5.13
1661,5.13
1662,5.13
1663,5.13
1664,5.13
1665,5.13
1666,5.13
1667,5.13
1668,5.13
1669,5.13
1670,5.13
1671,5.13
1672,5.13
1673,5.13
1674,5.13
1675,5.13
1676,5.13
1677,5.13
1678,5.13
1679,5.13
1680,5.13
1681,5.13
1682,5.13
1683,5.13
1684,5.13
1685,5.13
1686,5.13
1687,5.13
1688,5.13
1689,5.13
1690,5.13
1691,5.13
1692,5.13
1693,5.13
1694,5.13
1695,5.13
1696,5.13
1697,5.13
1698,5.13
1699,5.13
1700,5.13
1701,5.13
1702,5.13
1703,5.13
1704,5.13
1705,5.13
1706,5.13
1707,5.13
1708,5.13
1709,5.13
1710,5.13
1711,5.13
1712,5.13
1713,5.13
1714,5.13
1715,5.13
1716,5.13
1717,5.13
1718,5.13
1719,5.13
1720,5.13
1721,5.13
1722,5.13
1723,5.13
1724,5.13
1725,5.13
1726,5.13
1727,5.13
1728,5.13
1729,5.13
1730,5.13
1731,5.13
1732,5.13
1733,5.13
1734,5.13
1735,5.13
1736,5.13
1737,5.13
1738,5.13
1739,5.13
1740,5.13
1741,5.13
1742,5.13
1743,5.13
1744,5.13
1745,5.13
1746,5.13
1747,5.13
1748,5.13
1749,5.13
1750,5.13
1751,5.13
1752,5.13
1753,5.13
1754,5.13
1755,5.13
1756,5.13
1757,5.13
1758,5.13
1759,5.13
1760,5.13
1761,5.13
1762,5.13
1763,5.13
1764,5.13
1765,5.13
1766,5.13
1767,5.13
1768,5.13
1769,5.13
1770,5.13
1771,5.13
1772,5.13
1773,5.13
1774,5.13
1775,5.13
1776,5.13
1777,5.13
1778,5.13
1779,5.13
1780,5.13
1781,5.13
1782,5.13
1783,5.13
1784,5.13
1785,5.13
1786,5.13
1787,5.13
1788,5.13
1789,5.13
1790,5.13
1791,5.13
1792,5.13
1793,5.13
1794,5.13
1795,5.13
1796,5.13
1797,5.13
1798,5.13
1799,5.13
1800,5.13
1801,5.13
1802,5.13
1803,5.13
1804,5.13
1805,5.13
1806,5.13
1807,5.13
1808,5.13
1809,5.13
1810,5.13
1811,5.13
1812,5.13
1813,5.13
1814,5.13
1815,5.13
1816,5.13
1817,5.13
1818,5.13
1819,5.13
1820,5.13
1821,5.13
1822,5.13
1823,5.13
1824,5.13
1825,5.13
1826,5.13
1827,5.13
1828,5.13
1829,5.13
1830,5.13
1831,5.13
1832,5.13
1833,5.13
1834,5.13
1835,5.13
1836,5.13
1837,5.13
1838,5.13
1839,5.13
1840,5.13
1841,5.13
1842,5.13
1843,5.13
1844,5.13
1845,5.13
1846,5.13
1847,5.13
1848,5.13
1849,5.13
1850,5.13
1851,5.13
1852,5.13
1853,5.13
1854,5.13
1855,5.13
1856,5.13
1857,5.13
1858,5.13
1859,5.13
1860,5.13
1861,5.13
1862,5.13
1863,5.13
1864,5.13
1865,5.13
1866,5.13
1867,5.13
1868,5.13
1869,5.13
1870,5.13
1871,5.13
1872,5.13
1873,5.13
1874,5.13
1875,5.13
1876,5.13
1877,5.13
1878,5.13
1879,5.13
1880,5.13
1881,5.13
1882,5.13
1883,5.13
1884,5.13
1885,5.13
1886,5.13
1887,5.13
1888,5.13
1889,5.13
1890,5.13
1891,5.13
1892,5.13
1893,5.13
1894,5.13
1895,5.13
1896,5.13
1897,5.13
1898,5.13
1899,5.13
1900,5.13
1901,5.13
1902,5.13
1903,5.13
1904,5.13
1905,5.13
1906,5.13
1907,5.13
1908,5.13
1909,5.13
1910,5.13
1911,5.13
1912,5.13
1913,5.13
1914,5.13
1915,5.13
1916,5.13
1917,5.13
1918,5.13
1919,5.13
1920,5.13
1921,5.13
1922,5.13
1923,5.13
1924,5.13
1925,5.13
1926,5.13
1927,5.13
1928,5.13
1929,5.13
1930,5.13
1931,5.13
1932,5.13
1933,5.13
1934,5.13
1935,5.13
1936,5.13
1937,5.13
1938,5.13
1939,5.13
1940,5.13
1941,5.13
1942,5.13
1943,5.13
1944,5.13
1945,5.13
1946,5.13
1947,5.13
1948,5.13
1949,5.13
1950,5.13
1951,5.13
1952,5.13
1953,5.14
1954,5.13
1955,5.13
1956,5.13
1957,5.13
1958,5.13
1959,5.13
1960,5.13
1961,5.13
1962,5.13
1963,5.13
1964,5.13
1965,5.13
1966,5.13
1967,5.13
1968,5.13
1969,5.13
1970,5.13
1971,5.13
1972,5.13
1973,5.13
1974,5.13
1975,5.13
1976,5.13
1977,5.13
1978,5.13
1979,5.13
1980,5.13
1981,5.13
1982,5.13
1983,5.13
1984,5.13
1985,5.13
1986,5.13
1987,5.13
1988,5.13
1989,5.13
1990,5.13
1991,5.13
1992,5.13
1993,5.13
1994,5.13
1995,5.13
1996,5.13
1997,5.13
1998,5.13
1999,5.13
2000,5.13
2001,5.13
2002,5.13
2003,5.13
2004,5.13
2005,5.13
2006,5.13
2007,5.13
2008,5.13
2009,5.13
2010,5.13
2011,5.13
2012,5.13
2013,5.13
2014,5.13
2015,5.13
2016,5.13
2017,5.13
2018,5.13
2019,5.13
2020,5.13
2021,5.13
2022,5.13
2023,5.13
2024,5.13
2025,5.13
2026,5.13
2027,5.13
2028,5.13
2029,5.13
2030,5.13
2031,5.13
2032,5.13
2033,5.13
2034,5.13
2035,5.13
2036,5.13
2037,5.13
2038,5.13
2039,5.13
2040,5.13
2041,5.13
2042,5.13
2043,5.13
2044,5.13
2045,5.13
2046,5.13
2047,5.13
2048,5.13
2049,5.13
2050,5.13
2051,5.13
2052,5.13
2053,5.13
2054,5.13
2055,5.13
2056,5.13
2057,5.13
2058,5.13
2059,5.13
2060,5.13
2061,5.13
2062,5.13
2063,5.13
2064,5.13
2065,5.13
2066,5.13
2067,5.13
2068,5.13
2069,5.13
2070,5.13
2071,5.13
2072,5.13
2073,5.13
2074,5.13
2075,5.13
2076,5.13
2077,5.13
2078,5.13
2079,5.13
2080,5.13
2081,5.13
2082,5.13
2083,5.13
2084,5.13
2085,5.13
2086,5.13
2087,5.13
2088,5.13
2089,5.13
2090,5.13
2091,5.13
2092,5.13
2093,5.13
2094,5.13
2095,5.13
2096,5.13
2097,5.13
2098,5.13
2099,5.13
2100,5.13
2101,5.13
2102,5.13
2103,5.13
2104,5.13
2105,5.13
2106,5.13
2107,5.13
2108,5.13
2109,5.13
2110,5.13
2111,5.13
2112,5.13
2113,5.13
2114,5.13
2115,5.13
2116,5.13
2117,5.13
2118,5.13
2119,5.13
2120,5.13
2121,5.13
2122,5.13
2123,5.13
2124,5.13
2125,5.13
2126,5.13
2127,5.13
2128,5.13
2129,5.13
2130,5.13
2131,5.13
2132,5.13
2133,5.13
2134,5.13
2135,5.13
2136,5.13
2137,5.13
2138,5.13
2139,5.13
2140,5.13
2141,5.13
2142,5.13
2143,5.13
2144,5.13
2145,5.13
2146,5.13
2147,5.13
2148,5.13
2149,5.13
2150,5.13
2151,5.13
2152,5.13
2153,5.13
2154,5.13
2155,5.13
2156,5.13
2157,5.13
2158,5.13
2159,5.13
2160,5.13
2161,5.13
2162,5.13
2163,5.13
2164,5.13
2165,5.13
2166,5.13
2167,5.13
2168,5.13
2169,5.13
2170,5.13
2171,5.13
2172,5.13
2173,5.13
2174,5.13
2175,5.13
2176,5.13
2177,5.13
2178,5.13
2179,5.13
2180,5.13
2181,5.13
2182,5.13
2183,5.13
2184,5.13
2185,5.13
2186,5.13
2187,5.13
2188,5.13
2189,5.13
2190,5.13
2191,5.13
2192,5.13
2193,5.13
2194,5.13
2195,5.13
2196,5.13
2197,5.13
2198,5.13
2199,5.13
2200,5.13
2201,5.13
2202,5.13
2203,5.13
2204,5.13
2205,5.13
2206,5.13
2207,5.13
2208,5.13
2209,5.13
2210,5.13
2211,5.13
2212,5.13
2213,5.13
2214,5.13
2215,5.13
2216,5.13
2217,5.13
2218,5.13
2219,5.13
2220,5.13
2221,5.13
2222,5.13
2223,5.13
2224,5.13
2225,5.13
2226,5.13
2227,5.13
2228,5.13
2229,5.13
2230,5.13
2231,5.13
2232,5.13
2233,5.13
2234,5.13
2235,5.13
2236,5.13
2237,5.13
2238,5.13
2239,5.13
2240,5.13
2241,5.13
2242,5.13
2243,5.13
2244,5.13
2245,5.13
2246,5.13
2247,5.13
2248,5.13
2249,5.13
2250,5.13
2251,5.13
2252,5.13
2253,5.13
2254,5.13
2255,5.13
2256,5.13
2257,5.13
2258,5.13
2259,5.13
2260,5.13
2261,5.13
2262,5.13
2263,5.13
2264,5.13
2265,5.13
2266,5.13
2267,5.13
2268,5.13
2269,5.13
2270,5.13
2271,5.13
2272,5.13
2273,5.13
2274,5.13
2275,5.13
2276,5.13
2277,5.13
2278,5.13
2279,5.13
2280,5.13
2281,5.13
2282,5.13
2283,5.13
2284,5.13
2285,5.13
2286,5.13
2287,5.13
2288,5.13
2289,5.13
2290,5.13
2291,5.13
2292,5.13
2293,5.13
2294,5.13
2295,5.13
2296,5.13
2297,5.13
2298,5.13
2299,5.13
2300,5.13
2301,5.13
2302,5.13
2303,5.13
2304,5.13
2305,5.13
2306,5.13
2307,5.13
2308,5.13
2309,5.13
2310,5.13
2311,5.13
2312,5.13
2313,5.13
2314,5.13
2315,5.13
2316,5.13
2317,5.13
2318,5.13
2319,5.13
2320,5.13
2321,5.13
2322,5.13
2323,5.13
2324,5.13
2325,5.13
2326,5.13
2327,5.13
2328,5.13
2329,5.13
2330,5.13
2331,5.13
2332,5.13
2333,5.13
2334,5.13
2335,5.13
2336,5.13
2337,5.13
2338,5.13
2339,5.13
2340,5.13
2341,5.13
2342,5.13
2343,5.13
2344,5.13
2345,5.13
2346,5.13
2347,5.13
2348,5.13
2349,5.13
2350,5.13
2351,5.13
2352,5.13
2353,5.13
2354,5.13
2355,5.13
2356,5.13
2357,5.13
2358,5.13
2359,5.13
2360,5.13
2361,5.13
2362,5.13
2363,5.13
2364,5.13
2365,5.13
2366,5.13
2367,5.13
2368,5.13
2369,5.13
2370,5.13
2371,5.13
2372,5.13
2373,5.13
2374,5.13
2375,5.13
2376,5.13
2377,5.13
2378,5.13
2379,5.13
2380,5.13
2381,5.13
2382,5.13
2383,5.13
2384,5.13
2385,5.13
2386,5.13
2387,5.13
2388,5.13
2389,5.13
2390,5.13
2391,5.13
2392,5.13
2393,5.13
2394,5.13
2395,5.13
2396,5.13
2397,5.13
2398,5.13
2399,5.13
2400,5.13
2401,5.13
2402,5.13
2403,5.13
2404,5.13
2405,5.13
2406,5.13
2407,5.13
2408,5.13
2409,5.13
2410,5.13
2411,5.13
2412,5.13
2413,5.13
2414,5.13
2415,5.13
2416,5.13
2417,5.13
2418,5.13
2419,5.13
2420,5.13
2421,5.13
2422,5.13
2423,5.13
2424,5.13
2425,5.13
2426,5.13
2427,5.13
2428,5.13
2429,5.13
2430,5.13
2431,5.13
2432,5.13
2433,5.13
2434,5.13
2435,5.13
2436,5.13
2437,5.13
2438,5.13
2439,5.13
2440,5.13
2441,5.13
2442,5.13
2443,5.13
2444,5.13
2445,5.13
2446,5.13
2447,5.13
2448,5.13
2449,5.13
2450,5.13
2451,5.13
2452,5.13
2453,5.13
2454,5.13
2455,5.13
2456,5.13
2457,5.13
2458,5.13
2459,5.13
2460,5.13
2461,5.13
2462,5.13
2463,5.13
2464,5.13
2465,5.13
2466,5.13
2467,5.13
2468,5.13
2469,5.13
2470,5.13
2471,5.13
2472,5.13
2473,5.13
2474,5.13
2475,5.13
2476,5.13
2477,5.13
2478,5.13
2479,5.13
2480,5.13
2481,5.13
2482,5.13
2483,5.13
2484,5.13
2485,5.13
2486,5.13
2487,5.13
2488,5.13
2489,5.13
2490,5.13
2491,5.13
2492,5.13
2493,5.13
2494,5.13
2495,5.13
2496,5.13
2497,5.13
2498,5.13
2499,5.13
2500,5.13
2501,5.13
2502,5.13
2503,5.13
2504,5.13
2505,5.13
2506,5.13
2507,5.13
2508,5.13
2509,5.13
2510,5.13
2511,5.13
2512,5.13
2513,5.13
2514,5.13
2515,5.13
2516,5.13
2517,5.13
2518,5.13
2519,5.13
2520,5.13
2521,5.13
2522,5.13
2523,5.13
2524,5.13
2525,5.13
2526,5.13
2527,5.13
2528,5.13
2529,5.13
2530,5.13
2531,5.13
2532,5.13
2533,5.13
2534,5.13
2535,5.13
2536,5.13
2537,5.13
2538,5.13
2539,5.13
2540,5.13
2541,5.13
2542,5.13
2543,5.13
2544,5.13
2545,5.13
2546,5.13
2547,5.13
2548,5.13
2549,5.13
2550,5.13
2551,5.13
2552,5.13
2553,5.13
2554,5.13
2555,5.13
2556,5.13
2557,5.13
2558,5.13
2559,5.13
2560,5.13
2561,5.13
2562,5.13
2563,5.13
2564,5.13
2565,5.13
2566,5.13
2567,5.13
2568,5.13
2569,5.13
2570,5.13
2571,5.13
2572,5.13
2573,5.13
2574,5.13
2575,5.13
2576,5.13
2577,5.13
2578,5.13
2579,5.13
2580,5.13
2581,5.13
2582,5.13
2583,5.13
2584,5.13
2585,5.13
2586,5.13
2587,5.13
2588,5.13
2589,5.13
2590,5.13
2591,5.13
2592,5.13
2593,5.13
2594,5.13
2595,5.13
2596,5.13
2597,5.13
2598,5.13
2599,5.13
2600,5.13
2601,5.13
2602,5.13
2603,5.13
2604,5.13
2605,5.13
2606,5.13
2607,5.13
2608,5.13
2609,5.13
2610,5.13
2611,5.13
2612,5.13
2613,5.13
2614,5.13
2615,5.13
2616,5.13
2617,5.13
2618,5.13
2619,5.13
2620,5.13
2621,5.13
2622,5.13
2623,5.13
2624,5.13
2625,5.13
2626,5.13
2627,5.13
2628,5.13
2629,5.13
2630,5.13
2631,5.13
2632,5.13
2633,5.13
2634,5.13
2635,5.13
2636,5.13
2637,5.13
2638,5.13
2639,5.13
2640,5.13
2641,5.13
2642,5.13
2643,5.13
2644,5.13
2645,5.13
2646,5.13
2647,5.13
2648,5.13
2649,5.13
2650,5.13
2651,5.13
2652,5.13
2653,5.13
2654,5.13
2655,5.13
2656,5.13
2657,5.13
2658,5.13
2659,5.13
2660,5.13
2661,5.13
2662,5.13
2663,5.13
2664,5.13
2665,5.13
2666,5.13
2667,5.13
2668,5.13
2669,5.13
2670,5.13
2671,5.13
2672,5.13
2673,5.13
2674,5.13
2675,5.13
2676,5.13
2677,5.13
2678,5.13
2679,5.13
2680,5.13
2681,5.13
2682,5.13
2683,5.13
2684,5.13
2685,5.13
2686,5.13
2687,5.13
2688,5.13
2689,5.13
2690,5.13
2691,5.13
2692,5.13
2693,5.13
2694,5.13
2695,5.13
2696,5.13
2697,5.13
2698,5.13
2699,5.13
2700,5.13
2701,5.13
2702,5.13
2703,5.13
2704,5.13
2705,5.13
2706,5.13
2707,5.13
2708,5.13
2709,5.13
2710,5.13
2711,5.13
2712,5.13
2713,5.13
2714,5.13
2715,5.13
2716,5.13
2717,5.13
2718,5.13
2719,5.13
2720,5.13
2721,5.13
2722,5.13
2723,5.13
2724,5.13
2725,5.13
2726,5.13
2727,5.13
2728,5.13
2729,5.13
2730,5.13
2731,5.13
2732,5.13
2733,5.13
2734,5.13
2735,5.13
2736,5.13
2737,5.13
2738,5.13
2739,5.13
2740,5.13
2741,5.13
2742,5.13
2743,5.13
2744,5.13
2745,5.13
2746,5.13
2747,5.13
2748,5.13
2749,5.13
2750,5.13
2751,5.13
2752,5.13
2753,5.13
2754,5.13
2755,5.13
2756,5.13
2757,5.13
2758,5.13
2759,5.13
2760,5.13
2761,5.13
2762,5.13
2763,5.13
2764,5.13
2765,5.13
2766,5.13
2767,5.13
2768,5.13
2769,5.13
2770,5.13
2771,5.13
2772,5.13
2773,5.13
2774,5.13
2775,5.13
2776,5.13
2777,5.13
2778,5.13
2779,5.13
2780,5.13
2781,5.13
2782,5.13
2783,5.13
2784,5.13
2785,5.13
2786,5.13
2787,5.13
2788,5.13
2789,5.13
2790,5.13
2791,5.13
2792,5.13
2793,5.13
2794,5.13
2795,5.13
2796,5.13
2797,5.13
2798,5.13
2799,5.13
2800,5.13
2801,5.13
2802,5.13
2803,5.13
2804,5.13
2805,5.13
2806,5.13
2807,5.13
2808,5.13
2809,5.13
2810,5.13
2811,5.13
2812,5.13
2813,5.13
2814,5.13
2815,5.13
2816,5.13
2817,5.13
2818,5.13
2819,5.13
2820,5.13
2821,5.13
2822,5.13
2823,5.13
2824,5.13
2825,5.13
2826,5.13
2827,5.13
2828,5.13
2829,5.13
2830,5.13
2831,5.13
2832,5.13
2833,5.13
2834,5.13
2835,5.13
2836,5.13
2837,5.13
2838,5.13
2839,5.13
2840,5.13
2841,5.13
2842,5.13
2843,5.13
2844,5.13
2845,5.13
2846,5.13
2847,5.13
2848,5.13
2849,5.13
2850,5.13
2851,5.13
2852,5.13
2853,5.13
2854,5.13
2855,5.13
2856,5.13
2857,5.13
2858,5.13
2859,5.13
2860,5.13
2861,5.13
2862,5.13
2863,5.13
2864,5.13
2865,5.13
2866,5.13
2867,5.13
2868,5.13
2869,5.13
2870,5.13
2871,5.13
2872,5.13
2873,5.13
2874,5.13
2875,5.13
2876,5.13
2877,5.13
2878,5.13
2879,5.13
2880,5.13
2881,5.13
2882,5.13
2883,5.13
2884,5.13
2885,5.13
2886,5.13
2887,5.13
2888,5.13
2889,5.13
2890,5.13
2891,5.13
2892,5.13
2893,5.13
2894,5.13
2895,5.13
2896,5.13
2897,5.13
2898,5.13
2899,5.13
2900,5.13
2901,5.13
2902,5.13
2903,5.13
2904,5.13
2905,5.13
2906,5.13
2907,5.13
2908,5.13
2909,5.13
2910,5.13
2911,5.13
2912,5.13
2913,5.13
2914,5.13
2915,5.13
2916,5.13
2917,5.13
2918,5.13
2919,5.13
2920,5.13
2921,5.13
2922,5.13
2923,5.13
2924,5.13
2925,5.13
2926,5.13
2927,5.13
2928,5.13
2929,5.13
2930,5.13
2931,5.13
2932,5.13
2933,5.13
2934,5.13
2935,5.13
2936,5.13
2937,5.13
2938,5.13
2939,5.13
2940,5.13
2941,5.13
2942,5.13
2943,5.13
2944,5.13
2945,5.13
2946,5.13
2947,5.13
2948,5.13
2949,5.13
2950,5.13
2951,5.13
2952,5.13
2953,5.13
2954,5.13
2955,5.13
2956,5.13
2957,5.13
2958,5.13
2959,5.13
2960,5.13
2961,5.13
2962,5.13
2963,5.13
2964,5.13
2965,5.13
2966,5.13
2967,5.13
2968,5.13
2969,5.13
2970,5.13
2971,5.13
2972,5.13
2973,5.13
2974,5.13
2975,5.13
2976,5.13
2977,5.13
2978,5.13
2979,5.13
2980,5.13
2981,5.13
2982,5.13
2983,5.13
2984,5.13
2985,5.13
2986,5.13
2987,5.13
2988,5.13
2989,5.13
2990,5.13
2991,5.13
2992,5.13
2993,5.13
2994,5.13
2995,5.13
2996,5.13
2997,5.13
2998,5.13
2999,5.13
3000,5.13
3001,5.13
3002,5.13
3003,5.13
3004,5.13
3005,5.13
3006,5.13
3007,5.13
3008,5.13
3009,5.13
3010,5.13
3011,5.13
3012,5.13
3013,5.13
3014,5.13
3015,5.13
3016,5.13
3017,5.13
3018,5.13
3019,5.13
3020,5.13
3021,5.13
3022,5.13
3023,5.13
3024,5.13
3025,5.13
3026,5.13
3027,5.13
3028,5.13
3029,5.13
3030,5.13
3031,5.13
3032,5.13
3033,5.13
3034,5.13
3035,5.13
3036,5.13
3037,5.13
3038,5.13
3039,5.13
3040,5.13
3041,5.13
3042,5.13
3043,5.13
3044,5.13
3045,5.13
3046,5.13
3047,5.13
3048,5.13
3049,5.13
3050,5.13
3051,5.13
3052,5.13
3053,5.13
3054,5.13
3055,5.13
3056,5.13
3057,5.13
3058,5.13
3059,5.13
3060,5.13
3061,5.13
3062,5.13
3063,5.13
3064,5.13
3065,5.13
3066,5.13
3067,5.13
3068,5.13
3069,5.13
3070,5.13
3071,5.13
3072,5.13
3073,5.13
3074,5.13
3075,5.13
3076,5.13
3077,5.13
3078,5.13
3079,5.13
3080,5.13
3081,5.13
3082,5.13
3083,5.13
3084,5.13
3085,5.13
3086,5.13
3087,5.13
3088,5.13
3089,5.13
3090,5.13
3091,5.13
3092,5.13
3093,5.13
3094,5.13
3095,5.13
3096,5.13
3097,5.13
3098,5.13
3099,5.13
3100,5.13
3101,5.13
3102,5.13
3103,5.13
3104,5.13
3105,5.13
3106,5.13
3107,5.13
3108,5.13
3109,5.13
3110,5.13
3111,5.13
3112,5.13
3113,5.13
3114,5.13
3115,5.13
3116,5.13
3117,5.13
3118,5.13
3119,5.13
3120,5.13
3121,5.13
3122,5.13
3123,5.13
3124,5.13
3125,5.13
3126,5.13
3127,5.13
3128,5.13
3129,5.13
3130,5.13
3131,5.13
3132,5.13
3133,5.13
3134,5.13
3135,5.13
3136,5.13
3137,5.13
3138,5.13
3139,5.13
3140,5.13
3141,5.13
3142,5.13
3143,5.13
3144,5.13
3145,5.13
3146,5.13
3147,5.13
3148,5.13
3149,5.13
3150,5.13
3151,5.13
3152,5.13
3153,5.13
3154,5.13
3155,5.13
3156,5.13
3157,5.13
3158,5.13
3159,5.13
3160,5.13
3161,5.13
3162,5.13
3163,5.13
3164,5.13
3165,5.13
3166,5.13
3167,5.13
3168,5.13
3169,5.13
3170,5.13
3171,5.13
3172,5.13
3173,5.13
3174,5.13
3175,5.13
3176,5.13
3177,5.13
3178,5.13
3179,5.13
3180,5.13
3181,5.13
3182,5.13
3183,5.13
3184,5.13
3185,5.13
3186,5.13
3187,5.13
3188,5.13
3189,5.13
3190,5.13
3191,5.13
3192,5.13
3193,5.13
3194,5.13
3195,5.13
3196,5.13
3197,5.13
3198,5.13
3199,5.13
3200,5.13
3201,5.13
3202,5.13
3203,5.13
3204,5.13
3205,5.13
3206,5.13
3207,5.13
3208,5.13
3209,5.13
3210,5.13
3211,5.13
3212,5.13
3213,5.13
3214,5.13
3215,5.13
3216,5.13
3217,5.13
3218,5.13
3219,5.13
3220,5.13
3221,5.13
3222,5.13
3223,5.13
3224,5.13
3225,5.13
3226,5.13
3227,5.13
3228,5.13
3229,5.13
3230,5.13
3231,5.13
3232,5.13
3233,5.13
3234,5.13
3235,5.13
3236,5.13
3237,5.13
3238,5.13
3239,5.13
3240,5.13
3241,5.13
3242,5.13
3243,5.13
3244,5.13
3245,5.13
3246,5.13
3247,5.13
3248,5.13
3249,5.13
3250,5.13
3251,5.13
3252,5.13
3253,5.13
3254,5.13
3255,5.13
3256,5.13
3257,5.13
3258,5.13
3259,5.13
3260,5.13
3261,5.13
3262,5.13
3263,5.13
3264,5.13
3265,5.13
3266,5.13
3267,5.13
3268,5.13
3269,5.13
3270,5.13
3271,5.13
3272,5.13
3273,5.13
3274,5.13
3275,5.13
3276,5.13
3277,5.13
3278,5.13
3279,5.13
3280,5.13
3281,5.13
3282,5.13
3283,5.13
3284,5.13
3285,5.13
3286,5.13
3287,5.13
3288,5.13
3289,5.13
3290,5.13
3291,5.13
3292,5.13
3293,5.13
3294,5.13
3295,5.13
3296,5.13
3297,5.13
3298,5.13
3299,5.13
3300,5.13
3301,5.13
3302,5.13
3303,5.13
3304,5.13
3305,5.13
3306,5.13
3307,5.13
3308,5.13
3309,5.13
3310,5.13
3311,5.13
3312,5.13
3313,5.13
3314,5.13
3315,5.13
3316,5.13
3317,5.13
3318,5.13
3319,5.13
3320,5.13
3321,5.13
3322,5.13
3323,5.13
3324,5.13
3325,5.13
3326,5.13
3327,5.13
3328,5.13
3329,5.13
3330,5.13
3331,5.13
3332,5.13
3333,5.13
3334,5.13
3335,5.13
3336,5.13
3337,5.13
3338,5.13
3339,5.13
3340,5.13
3341,5.13
3342,5.13
3343,5.13
3344,5.13
3345,5.13
3346,5.13
3347,5.13
3348,5.13
3349,5.13
3350,5.13
3351,5.13
3352,5.13
3353,5.13
3354,5.13
3355,5.13
3356,5.13
3357,5.13
3358,5.13
3359,5.13
3360,5.13
3361,5.13
3362,5.13
3363,5.13
3364,5.13
3365,5.13
3366,5.13
3367,5.13
3368,5.13
3369,5.13
3370,5.13
3371,5.13
3372,5.13
3373,5.13
3374,5.13
3375,5.13
3376,5.13
3377,5.13
3378,5.13
3379,5.13
3380,5.13
3381,5.13
3382,5.13
3383,5.13
3384,5.13
3385,5.13
3386,5.13
3387,5.13
3388,5.13
3389,5.13
3390,5.13
3391,5.13
3392,5.13
3393,5.13
3394,5.13
3395,5.13
3396,5.13
3397,5.13
3398,5.13
3399,5.13
3400,5.13
3401,5.13
3402,5.13
3403,5.13
3404,5.13
3405,5.13
3406,5.13
3407,5.13
3408,5.13
3409,5.13
3410,5.13
3411,5.13
3412,5.13
3413,5.13
3414,5.13
3415,5.13
3416,5.13
3417,5.13
3418,5.13
3419,5.13
3420,5.13
3421,5.13
3422,5.13
3423,5.13
3424,5.13
3425,5.13
3426,5.13
3427,5.13
3428,5.13
3429,5.13
3430,5.13
3431,5.13
3432,5.13
3433,5.13
3434,5.13
3435,5.13
3436,5.13
3437,5.13
3438,5.13
3439,5.13
3440,5.13
3441,5.13
3442,5.13
3443,5.13
3444,5.13
3445,5.13
3446,5.13
3447,5.13
3448,5.13
3449,5.13
3450,5.13
3451,5.13
3452,5.13
3453,5.13
3454,5.13
3455,5.13
3456,5.13
3457,5.13
3458,5.13
3459,5.13
3460,5.13
3461,5.13
3462,5.13
3463,5.13
3464,5.13
3465,5.13
3466,5.13
3467,5.13
3468,5.13
3469,5.13
3470,5.13
3471,5.13
3472,5.13
3473,5.13
3474,5.13
3475,5.13
3476,5.13
3477,5.13
3478,5.13
3479,5.13
3480,5.13
3481,5.13
3482,5.13
3483,5.13
3484,5.13
3485,5.13
3486,5.13
3487,5.13
3488,5.13
3489,5.13
3490,5.13
3491,5.13
3492,5.13
3493,5.13
3494,5.13
3495,5.13
3496,5.13
3497,5.13
3498,5.13
3499,5.13
3500,5.13
3501,5.13
3502,5.13
3503,5.13
3504,5.13
3505,5.13
3506,5.13
3507,5.13
3508,5.13
3509,5.13
3510,5.13
3511,5.13
3512,5.13
3513,5.13
3514,5.13
3515,5.13
3516,5.13
3517,5.13
3518,5.13
3519,5.13
3520,5.13
3521,5.13
3522,5.13
3523,5.13
3524,5.13
3525,5.13
3526,5.13
3527,5.13
3528,5.13
3529,5.13
3530,5.13
3531,5.13
3532,5.13
3533,5.13
3534,5.13
3535,5.13
3536,5.13
3537,5.13
3538,5.13
3539,5.13
3540,5.13
3541,5.13
3542,5.13
3543,5.13
3544,5.13
3545,5.13
3546,5.13
3547,5.13
3548,5.13
3549,5.13
3550,5.13
3551,5.13
3552,5.13
3553,5.13
3554,5.13
3555,5.13
3556,5.13
3557,5.13
3558,5.13
3559,5.13
3560,5.13
3561,5.13
3562,5.13
3563,5.13
3564,5.13
3565,5.13
3566,5.13
3567,5.13
3568,5.13
3569,5.13
3570,5.13
3571,5.13
3572,5.13
3573,5.13
3574,5.13
3575,5.13
3576,5.13
3577,5.13
3578,5.13
3579,5.13
3580,5.13
3581,5.13
3582,5.13
3583,5.13
3584,5.13
3585,5.13
3586,5.13
3587,5.13
3588,5.13
3589,5.13
3590,5.13
3591,5.13
3592,5.13
3593,5.13
3594,5.13
3595,5.13
3596,5.13
3597,5.13
3598,5.13
3599,5.13
3600,5.13
3601,5.13
3602,5.13
3603,5.13
3604,5.13
3605,5.13
3606,5.13
3607,5.13
3608,5.13
3609,5.13
3610,5.13
3611,5.13
3612,5.13
3613,5.13
3614,5.13
3615,5.13
3616,5.13
3617,5.13
3618,5.13
3619,5.13
3620,5.13
3621,5.13
3622,5.13
3623,5.13
3624,5.13
3625,5.13
3626,5.13
3627,5.13
3628,5.13
3629,5.13
3630,5.13
3631,5.13
3632,5.13
3633,5.13
3634,5.13
3635,5.13
3636,5.13
3637,5.13
3638,5.13
3639,5.13
3640,5.13
3641,5.13
3642,5.13
3643,5.13
3644,5.13
3645,5.13
3646,5.13
3647,5.13
3648,5.13
3649,5.13
3650,5.13
3651,5.13
3652,5.13
3653,5.13
3654,5.13
3655,5.13
3656,5.13
3657,5.13
3658,5.13
3659,5.13
3660,5.13
3661,5.13
3662,5.13
3663,5.13
3664,5.13
3665,5.13
3666,5.13
3667,5.13
3668,5.13
3669,5.13
3670,5.13
3671,5.13
3672,5.13
3673,5.13
3674,5.13
3675,5.13
3676,5.13
3677,5.13
3678,5.13
3679,5.13
3680,5.13
3681,5.13
3682,5.13
3683,5.13
3684,5.13
3685,5.13
3686,5.13
3687,5.13
3688,5.13
3689,5.13
3690,5.13
3691,5.13
3692,5.13
3693,5.13
3694,5.13
3695,5.13
3696,5.13
3697,5.13
3698,5.13
3699,5.13
3700,5.13
3701,5.13
3702,5.13
3703,5.13
3704,5.13
3705,5.13
3706,5.13
3707,5.13
3708,5.13
3709,5.13
3710,5.13
3711,5.13
3712,5.13
3713,5.13
3714,5.13
3715,5.13
3716,5.13
3717,5.13
3718,5.13
3719,5.13
3720,5.13
3721,5.13
3722,5.13
3723,5.13
3724,5.13
3725,5.13
3726,5.13
3727,5.13
3728,5.13
3729,5.13
3730,5.13
3731,5.13
3732,5.13
3733,5.13
3734,5.13
3735,5.13
3736,5.13
3737,5.13
3738,5.13
3739,5.13
3740,5.13
3741,5.13
3742,5.13
3743,5.13
3744,5.13
3745,5.13
3746,5.13
3747,5.13
3748,5.13
3749,5.13
3750,5.13
3751,5.13
3752,5.13
3753,5.13
3754,5.13
3755,5.13
3756,5.13
3757,5.13
3758,5.13
3759,5.13
3760,5.13
3761,5.13
3762,5.13
3763,5.13
3764,5.13
3765,5.13
3766,5.13
3767,5.13
3768,5.13
3769,5.13
3770,5.13
3771,5.13
3772,5.13
3773,5.13
3774,5.13
3775,5.13
3776,5.13
3777,5.13
3778,5.13
3779,5.13
3780,5.13
3781,5.13
3782,5.13
3783,5.13
3784,5.13
3785,5.13
3786,5.13
3787,5.13
3788,5.13
3789,5.13
3790,5.13
3791,5.13
3792,5.13
3793,5.13
3794,5.13
3795,5.13
3796,5.13
3797,5.13
3798,5.13
3799,5.13
3800,5.13
3801,5.13
3802,5.13
3803,5.13
3804,5.13
3805,5.13
3806,5.13
3807,5.13
3808,5.13
3809,5.13
3810,5.13
3811,5.13
3812,5.13
3813,5.13
3814,5.13
3815,5.13
3816,5.13
3817,5.13
3818,5.13
3819,5.13
3820,5.13
3821,5.13
3822,5.13
3823,5.13
3824,5.13
3825,5.13
3826,5.13
3827,5.13
3828,5.13
3829,5.13
3830,5.13
3831,5.13
3832,5.13
3833,5.13
3834,5.13
3835,5.13
3836,5.13
3837,5.13
3838,5.13
3839,5.13
3840,5.13
3841,5.13
3842,5.13
3843,5.13
3844,5.13
3845,5.13
3846,5.13
3847,5.13
3848,5.13
3849,5.13
3850,5.13
3851,5.13
3852,5.13
3853,5.13
3854,5.13
3855,5.13
3856,5.13
3857,5.13
3858,5.13
3859,5.13
3860,5.13
3861,5.13
3862,5.13
3863,5.13
3864,5.13
3865,5.13
3866,5.13
3867,5.13
3868,5.13
3869,5.13
3870,5.13
3871,5.13
3872,5.13
3873,5.13
3874,5.13
3875,5.13
3876,5.13
3877,5.13
3878,5.13
3879,5.13
3880,5.13
3881,5.13
3882,5.13
3883,5.13
3884,5.13
3885,5.13
3886,5.13
3887,5.13
3888,5.13
3889,5.13
3890,5.13
3891,5.13
3892,5.13
3893,5.13
3894,5.13
3895,5.13
3896,5.13
3897,5.13
3898,5.13
3899,5.13
3900,5.13
3901,5.13
3902,5.13
3903,5.13
3904,5.13
3905,5.13
3906,5.13
3907,5.13
3908,5.13
3909,5.13
3910,5.13
3911,5.13
3912,5.13
3913,5.13
3914,5.13
3915,5.13
3916,5.13
3917,5.13
3918,5.13
3919,5.13
3920,5.13
3921,5.13
3922,5.13
3923,5.13
3924,5.13
3925,5.13
3926,5.13
3927,5.13
3928,5.13
3929,5.13
3930,5.13
3931,5.13
3932,5.13
3933,5.13
3934,5.13
3935,5.13
3936,5.13
3937,5.13
3938,5.13
3939,5.13
3940,5.13
3941,5.13
3942,5.13
3943,5.13
3944,5.13
3945,5.13
3946,5.13
3947,5.13
3948,5.13
3949,5.13
3950,5.13
3951,5.13
3952,5.13
3953,5.13
3954,5.13
3955,5.13
3956,5.13
3957,5.13
3958,5.13
3959,5.13
3960,5.13
3961,5.13
3962,5.13
3963,5.13
3964,5.13
3965,5.13
3966,5.13
3967,5.13
3968,5.13
3969,5.13
3970,5.13
3971,5.13
3972,5.13
3973,5.13
3974,5.13
3975,5.13
3976,5.13
3977,5.13
3978,5.13
3979,5.13
3980,5.13
3981,5.13
3982,5.13
3983,5.13
3984,5.13
3985,5.13
3986,5.13
3987,5.13
3988,5.13
3989,5.13
3990,5.13
3991,5.13
3992,5.13
3993,5.13
3994,5.13
3995,5.13
3996,5.13
3997,5.13
3998,5.13
3999,5.13
4000,5.13
4001,5.13
4002,5.13
4003,5.13
4004,5.13
4005,5.13
4006,5.13
4007,5.13
4008,5.13
4009,5.13
4010,5.13
4011,5.13
4012,5.13
4013,5.13
4014,5.13
4015,5.13
4016,5.13
4017,5.13
4018,5.13
4019,5.13
4020,5.13
4021,5.13
4022,5.13
4023,5.13
4024,5.13
4025,5.13
4026,5.13
4027,5.13
4028,5.13
4029,5.13
4030,5.13
4031,5.13
4032,5.13
4033,5.13
4034,5.13
4035,5.13
4036,5.13
4037,5.13
4038,5.13
4039,5.13
4040,5.13
4041,5.13
4042,5.13
4043,5.13
4044,5.13
4045,5.13
4046,5.13
4047,5.13
4048,5.13
4049,5.13
4050,5.13
4051,5.13
4052,5.13
4053,5.13
4054,5.13
4055,5.13
4056,5.13
4057,5.13
4058,5.13
4059,5.13
4060,5.13
4061,5.13
4062,5.13
4063,5.13
4064,5.13
4065,5.13
4066,5.13
4067,5.13
4068,5.13
4069,5.13
4070,5.13
4071,5.13
4072,5.13
4073,5.13
4074,5.13
4075,5.13
4076,5.13
4077,5.13
4078,5.13
4079,5.13
4080,5.13
4081,5.13
4082,5.13
4083,5.13
4084,5.13
4085,5.13
4086,5.13
4087,5.13
4088,5.13
4089,5.13
4090,5.13
4091,5.13
4092,5.13
4093,5.13
4094,5.13
4095,5.13
4096,5.13
4097,5.13
4098,5.13
4099,5.13
4100,5.13
4101,5.13
4102,5.13
4103,5.13
4104,5.13
4105,5.13
4106,5.13
4107,5.13
4108,5.13
4109,5.13
4110,5.13
4111,5.13
4112,5.13
4113,5.13
4114,5.13
4115,5.13
4116,5.13
4117,5.13
4118,5.13
4119,5.13
4120,5.13
4121,5.13
4122,5.13
4123,5.13
4124,5.13
4125,5.13
4126,5.13
4127,5.13
4128,5.13
4129,5.13
4130,5.13
4131,5.13
4132,5.13
4133,5.13
4134,5.13
4135,5.13
4136,5.13
4137,5.13
4138,5.13
4139,5.13
4140,5.13
4141,5.13
4142,5.13
4143,5.13
4144,5.13
4145,5.13
4146,5.13
4147,5.13
4148,5.13
4149,5.13
4150,5.13
4151,5.13
4152,5.13
4153,5.13
4154,5.13
4155,5.13
4156,5.13
4157,5.13
4158,5.13
4159,5.13
4160,5.13
4161,5.13
4162,5.13
4163,5.13
4164,5.13
4165,5.13
4166,5.13
4167,5.13
4168,5.13
4169,5.13
4170,5.13
4171,5.13
4172,5.13
4173,5.13
4174,5.13
4175,5.13
4176,5.13
4177,5.13
4178,5.13
4179,5.13
4180,5.13
4181,5.13
4182,5.13
4183,5.13
4184,5.13
4185,5.13
4186,5.13
4187,5.13
4188,5.13
4189,5.13
4190,5.13
4191,5.13
4192,5.13
4193,5.13
4194,5.13
4195,5.13
4196,5.13
4197,5.13
4198,5.13
4199,5.13
4200,5.13
4201,5.13
4202,5.13
4203,5.13
4204,5.13
4205,5.13
4206,5.13
4207,5.13
4208,5.13
4209,5.13
4210,5.13
4211,5.13
4212,5.13
4213,5.13
4214,5.13
4215,5.13
4216,5.13
4217,5.13
4218,5.13
4219,5.13
4220,5.13
4221,5.13
4222,5.13
4223,5.13
4224,5.13
4225,5.13
4226,5.13
4227,5.13
4228,5.13
4229,5.13
4230,5.13
4231,5.13
4232,5.13
4233,5.13
4234,5.13
4235,5.13
4236,5.13
4237,5.13
4238,5.13
4239,5.13
4240,5.13
4241,5.13
4242,5.13
4243,5.13
4244,5.13
4245,5.13
4246,5.13
4247,5.13
4248,5.13
4249,5.13
4250,5.13
4251,5.13
4252,5.13
4253,5.13
4254,5.13
4255,5.13
4256,5.13
4257,5.13
4258,5.13
4259,5.13
4260,5.13
4261,5.13
4262,5.13
4263,5.13
4264,5.13
4265,5.13
4266,5.13
4267,5.13
4268,5.13
4269,5.13
4270,5.13
4271,5.13
4272,5.13
4273,5.13
4274,5.13
4275,5.13
4276,5.13
4277,5.13
4278,5.13
4279,5.13
4280,5.13
4281,5.13
4282,5.13
4283,5.13
4284,5.13
4285,5.13
4286,5.13
4287,5.13
4288,5.13
4289,5.13
4290,5.13
4291,5.13
4292,5.13
4293,5.13
4294,5.13
4295,5.13
4296,5.13
4297,5.13
4298,5.13
4299,5.13
4300,5.13
4301,5.13
4302,5.13
4303,5.13
4304,5.13
4305,5.13
4306,5.13
4307,5.13
4308,5.13
4309,5.13
4310,5.13
4311,5.13
4312,5.13
4313,5.13
4314,5.13
4315,5.13
4316,5.13
4317,5.13
4318,5.13
4319,5.13
4320,5.13
4321,5.13
4322,5.13
4323,5.13
4324,5.13
4325,5.13
4326,5.13
4327,5.13
4328,5.13
4329,5.13
4330,5.13
4331,5.13
4332,5.13
4333,5.13
4334,5.13
4335,5.13
4336,5.13
4337,5.13
4338,5.13
4339,5.13
4340,5.13
4341,5.13
4342,5.13
4343,5.13
4344,5.13
4345,5.13
4346,5.13
4347,5.13
4348,5.13
4349,5.13
4350,5.13
4351,5.13
4352,5.13
4353,5.13
4354,5.13
4355,5.13
4356,5.13
4357,5.13
4358,5.13
4359,5.13
4360,5.13
4361,5.13
4362,5.13
4363,5.13
4364,5.13
4365,5.13
4366,5.13
4367,5.13
4368,5.13
4369,5.13
4370,5.13
4371,5.13
4372,5.13
4373,5.13
4374,5.13
4375,5.13
4376,5.13
4377,5.13
4378,5.13
4379,5.13
4380,5.13
4381,5.13
4382,5.13
4383,5.13
4384,5.13
4385,5.13
4386,5.13
4387,5.13
4388,5.13
4389,5.13
4390,5.13
4391,5.13
4392,5.13
4393,5.13
4394,5.13
4395,5.13
4396,5.13
4397,5.13
4398,5.13
4399,5.13
4400,5.13
4401,5.13
4402,5.13
4403,5.13
4404,5.13
4405,5.13
4406,5.13
4407,5.13
4408,5.13
4409,5.13
4410,5.13
4411,5.13
4412,5.13
4413,5.13
4414,5.13
4415,5.13
4416,5.13
4417,5.13
4418,5.13
4419,5.13
4420,5.13
4421,5.13
4422,5.13
4423,5.13
4424,5.13
4425,5.13
4426,5.13
4427,5.13
4428,5.13
4429,5.13
4430,5.13
4431,5.13
4432,5.13
4433,5.13
4434,5.13
4435,5.13
4436,5.13
4437,5.13
4438,5.13
4439,5.13
4440,5.13
4441,5.13
4442,5.13
4443,5.13
4444,5.13
4445,5.13
4446,5.13
4447,5.13
4448,5.13
4449,5.13
4450,5.13
4451,5.13
4452,5.13
4453,5.13
4454,5.13
4455,5.13
4456,5.13
4457,5.13
4458,5.13
4459,5.13
4460,5.13
4461,5.13
4462,5.13
4463,5.13
4464,5.13
4465,5.13
4466,5.13
4467,5.13
4468,5.13
4469,5.13
4470,5.13
4471,5.13
4472,5.13
4473,5.13
4474,5.13
4475,5.13
4476,5.13
4477,5.13
4478,5.13
4479,5.13
4480,5.13
4481,5.13
4482,5.13
4483,5.13
4484,5.13
4485,5.13
4486,5.13
4487,5.13
4488,5.13
4489,5.13
4490,5.13
4491,5.13
4492,5.13
4493,5.13
4494,5.13
4495,5.13
4496,5.13
4497,5.13
4498,5.13
4499,5.13
4500,5.13
4501,5.13
4502,5.13
4503,5.13
4504,5.13
4505,5.13
4506,5.13
4507,5.13
4508,5.13
4509,5.13
4510,5.13
4511,5.13
4512,5.13
4513,5.13
4514,5.13
4515,5.13
4516,5.13
4517,5.13
4518,5.13
4519,5.13
4520,5.13
4521,5.13
4522,5.13
4523,5.13
4524,5.13
4525,5.13
4526,5.13
4527,5.13
4528,5.13
4529,5.13
4530,5.13
4531,5.13
4532,5.13
4533,5.13
4534,5.13
4535,5.13
4536,5.13
4537,5.13
4538,5.13
4539,5.13
4540,5.13
4541,5.13
4542,5.13
4543,5.13
4544,5.13
4545,5.13
4546,5.13
4547,5.13
4548,5.13
4549,5.13
4550,5.13
4551,5.13
4552,5.13
4553,5.13
4554,5.13
4555,5.13
4556,5.13
4557,5.13
4558,5.13
4559,5.13
4560,5.13
4561,5.13
4562,5.13
4563,5.13
4564,5.13
4565,5.13
4566,5.13
4567,5.13
4568,5.13
4569,5.13
4570,5.13
4571,5.13
4572,5.13
4573,5.13
4574,5.13
4575,5.13
4576,5.13
4577,5.13
4578,5.13
4579,5.13
4580,5.13
4581,5.13
4582,5.13
4583,5.13
4584,5.13
4585,5.13
4586,5.13
4587,5.13
4588,5.13
4589,5.13
4590,5.13
4591,5.13
4592,5.13
4593,5.13
4594,5.13
4595,5.13
4596,5.13
4597,5.13
4598,5.13
4599,5.13
4600,5.13
4601,5.13
4602,5.13
4603,5.13
4604,5.13
4605,5.13
4606,5.13
4607,5.13
4608,5.13
4609,5.13
4610,5.13
4611,5.13
4612,5.13
4613,5.13
4614,5.13
4615,5.13
4616,5.13
4617,5.13
4618,5.13
4619,5.13
4620,5.13
4621,5.13
4622,5.13
4623,5.13
4624,5.13
4625,5.13
4626,5.13
4627,5.13
4628,5.13
4629,5.13
4630,5.13
4631,5.13
4632,5.13
4633,5.13
4634,5.13
4635,5.13
4636,5.13
4637,5.13
4638,5.13
4639,5.13
4640,5.13
4641,5.13
4642,5.13
4643,5.13
4644,5.13
4645,5.13
4646,5.13
4647,5.13
4648,5.13
4649,5.13
4650,5.13
4651,5.13
4652,5.13
4653,5.13
4654,5.13
4655,5.13
4656,5.13
4657,5.13
4658,5.13
4659,5.13
4660,5.13
4661,5.13
4662,5.13
4663,5.13
4664,5.13
4665,5.13
4666,5.13
4667,5.13
4668,5.13
4669,5.13
4670,5.13
4671,5.13
4672,5.13
4673,5.13
4674,5.13
4675,5.13
4676,5.13
4677,5.13
4678,5.13
4679,5.13
4680,5.13
4681,5.13
4682,5.13
4683,5.13
4684,5.13
4685,5.13
4686,5.13
4687,5.13
4688,5.13
4689,5.13
4690,5.13
4691,5.13
4692,5.13
4693,5.13
4694,5.13
4695,5.13
4696,5.13
4697,5.13
4698,5.13
4699,5.13
4700,5.13
4701,5.13
4702,5.13
4703,5.13
4704,5.13
4705,5.13
4706,5.13
4707,5.13
4708,5.13
4709,5.13
4710,5.13
4711,5.13
4712,5.13
4713,5.13
4714,5.13
4715,5.13
4716,5.13
4717,5.13
4718,5.13
4719,5.13
4720,5.13
4721,5.13
4722,5.13
4723,5.13
4724,5.13
4725,5.13
4726,5.13
4727,5.13
4728,5.13
4729,5.13
4730,5.13
4731,5.13
4732,5.13
4733,5.13
4734,5.13
4735,5.13
4736,5.13
4737,5.13
4738,5.13
4739,5.13
4740,5.13
4741,5.13
4742,5.13
4743,5.13
4744,5.13
4745,5.13
4746,5.13
4747,5.13
4748,5.13
4749,5.13
4750,5.13
4751,5.13
4752,5.13
4753,5.13
4754,5.13
4755,5.13
4756,5.13
4757,5.13
4758,5.13
4759,5.13
4760,5.13
4761,5.13
4762,5.13
4763,5.13
4764,5.13
4765,5.13
4766,5.13
4767,5.13
4768,5.13
4769,5.13
4770,5.13
4771,5.13
4772,5.13
4773,5.13
4774,5.13
4775,5.13
4776,5.13
4777,5.13
4778,5.13
4779,5.13
4780,5.13
4781,5.13
4782,5.13
4783,5.13
4784,5.13
4785,5.13
4786,5.13
4787,5.13
4788,5.13
4789,5.13
4790,5.13
4791,5.13
4792,5.13
4793,5.13
4794,5.13
4795,5.13
4796,5.13
4797,5.13
4798,5.13
4799,5.13
4800,5.13
4801,5.13
4802,5.13
4803,5.13
4804,5.13
4805,5.13
4806,5.13
4807,5.13
4808,5.13
4809,5.13
4810,5.13
4811,5.13
4812,5.13
4813,5.13
4814,5.13
4815,5.13
4816,5.13
4817,5.13
4818,5.13
4819,5.13
4820,5.13
4821,5.13
4822,5.13
4823,5.13
4824,5.13
4825,5.13
4826,5.13
4827,5.13
4828,5.13
4829,5.13
4830,5.13
4831,5.13
4832,5.13
4833,5.13
4834,5.13
4835,5.13
4836,5.13
4837,5.13
4838,5.13
4839,5.13
4840,5.13
4841,5.13
4842,5.13
4843,5.13
4844,5.13
4845,5.13
4846,5.13
4847,5.13
4848,5.13
4849,5.13
4850,5.13
4851,5.13
4852,5.13
4853,5.13
4854,5.13
4855,5.13
4856,5.13
4857,5.13
4858,5.13
4859,5.13
4860,5.13
4861,5.13
4862,5.13
4863,5.13
4864,5.13
4865,5.13
4866,5.13
4867,5.13
4868,5.13
4869,5.13
4870,5.13
4871,5.13
4872,5.13
4873,5.13
4874,5.13
4875,5.13
4876,5.13
4877,5.13
4878,5.13
4879,5.13
4880,5.13
4881,5.13
4882,5.13
4883,5.13
4884,5.13
4885,5.13
4886,5.13
4887,5.13
4888,5.13
4889,5.13
4890,5.13
4891,5.13
4892,5.13
4893,5.13
4894,5.13
4895,5.13
4896,5.13
4897,5.13
4898,5.13
4899,5.13
4900,5.13
4901,5.13
4902,5.13
4903,5.13
4904,5.13
4905,5.13
4906,5.13
4907,5.13
4908,5.13
4909,5.13
4910,5.13
4911,5.13
4912,5.13
4913,5.13
4914,5.13
4915,5.13
4916,5.13
4917,5.13
4918,5.13
4919,5.13
4920,5.13
4921,5.13
4922,5.13
4923,5.13
4924,5.13
4925,5.13
4926,5.13
4927,5.13
4928,5.13
4929,5.13
4930,5.13
4931,5.13
4932,5.13
4933,5.13
4934,5.13
4935,5.13
4936,5.13
4937,5.13
4938,5.13
4939,5.13
4940,5.13
4941,5.13
4942,5.13
4943,5.13
4944,5.13
4945,5.13
4946,5.13
4947,5.13
4948,5.13
4949,5.13
4950,5.13
4951,5.13
4952,5.13
4953,5.13
4954,5.13
4955,5.13
4956,5.13
4957,5.13
4958,5.13
4959,5.13
4960,5.13
4961,5.13
4962,5.13
4963,5.13
4964,5.13
4965,5.13
4966,5.13
4967,5.13
4968,5.13
4969,5.13
4970,5.13
4971,5.13
4972,5.13
4973,5.13
4974,5.13
4975,5.13
4976,5.13
4977,5.13
4978,5.13
4979,5.13
4980,5.13
4981,5.13
4982,5.13
4983,5.13
4984,5.13
4985,5.13
4986,5.13
4987,5.13
4988,5.13
4989,5.13
4990,5.13
4991,5.13
4992,5.13
4993,5.13
4994,5.13
4995,5.13
4996,5.13
4997,5.13
4998,5.13
4999,5.13
5000,5.13
5001,5.13
5002,5.13
5003,5.13
5004,5.13
5005,5.13
5006,5.13
5007,5.13
5008,5.13
5009,5.13
5010,5.13
5011,5.13
5012,5.13
5013,5.13
5014,5.13
5015,5.13
5016,5.13
5017,5.13
5018,5.13
5019,5.13
5020,5.13
5021,5.13
5022,5.13
5023,5.13
5024,5.13
5025,5.13
5026,5.13
5027,5.13
5028,5.13
5029,5.13
5030,5.13
5031,5.13
5032,5.13
5033,5.13
5034,5.13
5035,5.13
5036,5.13
5037,5.13
5038,5.13
5039,5.13
5040,5.13
5041,5.13
5042,5.13
5043,5.13
5044,5.13
5045,5.13
5046,5.13
5047,5.13
5048,5.13
5049,5.13
5050,5.13
5051,5.13
5052,5.13
5053,5.13
5054,5.13
5055,5.13
5056,5.13
5057,5.13
5058,5.13
5059,5.13
5060,5.13
5061,5.13
5062,5.13
5063,5.13
5064,5.13
5065,5.13
5066,5.13
5067,5.13
5068,5.13
5069,5.13
5070,5.13
5071,5.13
5072,5.13
5073,5.13
5074,5.13
5075,5.13
5076,5.13
5077,5.13
5078,5.13
5079,5.13
5080,5.13
5081,5.13
5082,5.13
5083,5.13
5084,5.13
5085,5.13
5086,5.13
5087,5.13
5088,5.13
5089,5.13
5090,5.13
5091,5.13
5092,5.13
5093,5.13
5094,5.13
5095,5.13
5096,5.13
5097,5.13
5098,5.13
5099,5.13
5100,5.13
5101,5.13
5102,5.13
5103,5.13
5104,5.13
5105,5.13
5106,5.13
5107,5.13
5108,5.13
5109,5.13
5110,5.13
5111,5.13
5112,5.13
5113,5.13
5114,5.13
5115,5.13
5116,5.13
5117,5.13
5118,5.13
5119,5.13
5120,5.13
5121,5.13
5122,5.13
5123,5.13
5124,5.13
5125,5.13
5126,5.13
5127,5.13
5128,5.13
5129,5.13
5130,5.13
5131,5.13
5132,5.13
5133,5.13
5134,5.13
5135,5.13
5136,5.13
5137,5.13
5138,5.13
5139,5.13
5140,5.13
5141,5.13
5142,5.13
5143,5.13
5144,5.13
5145,5.13
5146,5.13
5147,5.13
5148,5.13
5149,5.13
5150,5.13
5151,5.13
5152,5.13
5153,5.13
5154,5.13
5155,5.13
5156,5.13
5157,5.13
5158,5.13
5159,5.13
5160,5.13
5161,5.13
5162,5.13
5163,5.13
5164,5.13
5165,5.13
5166,5.13
5167,5.13
5168,5.13
5169,5.13
5170,5.13
5171,5.13
5172,5.13
5173,5.13
5174,5.13
5175,5.13
5176,5.13
5177,5.13
5178,5.13
5179,5.13
5180,5.13
5181,5.13
5182,5.13
5183,5.13
5184,5.13
5185,5.13
5186,5.13
5187,5.13
5188,5.13
5189,5.13
5190,5.13
5191,5.13
5192,5.13
5193,5.13
5194,5.13
5195,5.13
5196,5.13
5197,5.13
5198,5.13
5199,5.13
5200,5.13
5201,5.13
5202,5.13
5203,5.13
5204,5.13
5205,5.13
5206,5.13
5207,5.13
5208,5.13
5209,5.13
5210,5.13
5211,5.13
5212,5.13
5213,5.13
5214,5.13
5215,5.13
5216,5.13
5217,5.13
5218,5.13
5219,5.13
5220,5.13
5221,5.13
5222,5.13
5223,5.13
5224,5.13
5225,5.13
5226,5.13
5227,5.13
5228,5.13
5229,5.13
5230,5.13
5231,5.13
5232,5.13
5233,5.13
5234,5.13
5235,5.13
5236,5.13
5237,5.13
5238,5.13
5239,5.13
5240,5.13
5241,5.13
5242,5.13
5243,5.13
5244,5.13
5245,5.13
5246,5.13
5247,5.13
5248,5.13
5249,5.13
5250,5.13
5251,5.13
5252,5.13
5253,5.13
5254,5.13
5255,5.13
5256,5.13
5257,5.13
5258,5.13
5259,5.13
5260,5.13
5261,5.13
5262,5.13
5263,5.13
5264,5.13
5265,5.13
5266,5.13
5267,5.13
5268,5.13
5269,5.13
5270,5.13
5271,5.13
5272,5.13
5273,5.13
5274,5.13
5275,5.13
5276,5.13
5277,5.13
5278,5.13
5279,5.13
5280,5.13
5281,5.13
5282,5.13
5283,5.13
5284,5.13
5285,5.13
5286,5.13
5287,5.13
5288,5.13
5289,5.13
5290,5.13
5291,5.13
5292,5.13
5293,5.13
5294,5.13
5295,5.13
5296,5.13
5297,5.13
5298,5.13
5299,5.13
5300,5.13
5301,5.13
5302,5.13
5303,5.13
5304,5.13
5305,5.13
5306,5.13
5307,5.13
5308,5.13
5309,5.13
5310,5.13
5311,5.13
5312,5.13
5313,5.13
5314,5.13
5315,5.13
5316,5.13
5317,5.13
5318,5.13
5319,5.13
5320,5.13
5321,5.13
5322,5.13
5323,5.13
5324,5.13
5325,5.13
5326,5.13
5327,5.13
5328,5.13
5329,5.13
5330,5.13
5331,5.13
5332,5.13
5333,5.13
5334,5.13
5335,5.13
5336,5.13
5337,5.13
5338,5.13
5339,5.13
5340,5.13
5341,5.13
5342,5.13
5343,5.13
5344,5.13
5345,5.13
5346,5.13
5347,5.13
5348,5.13
5349,5.13
5350,5.13
5351,5.13
5352,5.13
5353,5.13
5354,5.13
5355,5.13
5356,5.13
5357,5.13
5358,5.13
5359,5.13
5360,5.13
5361,5.13
5362,5.13
5363,5.13
5364,5.13
5365,5.13
5366,5.13
5367,5.13
5368,5.13
5369,5.13
5370,5.13
5371,5.13
5372,5.13
5373,5.13
5374,5.13
5375,5.13
5376,5.13
5377,5.13
5378,5.13
5379,5.13
5380,5.13
5381,5.13
5382,5.13
5383,5.13
5384,5.13
5385,5.13
5386,5.13
5387,5.13
5388,5.13
5389,5.13
5390,5.13
5391,5.13
5392,5.13
5393,5.13
5394,5.13
5395,5.13
5396,5.13
5397,5.13
5398,5.13
5399,5.13
5400,5.13
5401,5.13
5402,5.13
5403,5.13
5404,5.13
5405,5.13
5406,5.13
5407,5.13
5408,5.13
5409,5.13
5410,5.13
5411,5.13
5412,5.13
5413,5.13
5414,5.13
5415,5.13
5416,5.13
5417,5.13
5418,5.13
5419,5.13
5420,5.13
5421,5.13
5422,5.13
5423,5.13
5424,5.13
5425,5.13
5426,5.13
5427,5.13
5428,5.13
5429,5.13
5430,5.13
5431,5.13
5432,5.13
5433,5.13
5434,5.13
5435,5.13
5436,5.13
5437,5.13
5438,5.13
5439,5.13
5440,5.13
5441,5.13
5442,5.13
5443,5.13
5444,5.13
5445,5.13
5446,5.13
5447,5.13
5448,5.13
5449,5.13
5450,5.13
5451,5.13
5452,5.13
5453,5.13
5454,5.13
5455,5.13
5456,5.13
5457,5.13
5458,5.13
5459,5.13
5460,5.13
5461,5.13
5462,5.13
5463,5.13
5464,5.13
5465,5.13
5466,5.13
5467,5.13
5468,5.13
5469,5.13
5470,5.13
5471,5.13
5472,5.13
5473,5.13
5474,5.13
5475,5.13
5476,5.13
5477,5.13
5478,5.13
5479,5.13
5480,5.13
5481,5.13
5482,5.13
5483,5.13
5484,5.13
5485,5.13
5486,5.13
5487,5.13
5488,5.13
5489,5.13
5490,5.13
5491,5.13
5492,5.13
5493,5.13
5494,5.13
5495,5.13
5496,5.13
5497,5.13
5498,5.13
5499,5.13
5500,5.13
5501,5.13
5502,5.13
5503,5.13
5504,5.13
5505,5.13
5506,5.13
5507,5.13
5508,5.13
5509,5.13
5510,5.13
5511,5.13
5512,5.13
5513,5.13
5514,5.13
5515,5.13
5516,5.13
5517,5.13
5518,5.13
5519,5.13
5520,5.13
5521,5.13
5522,5.13
5523,5.13
5524,5.13
5525,5.13
5526,5.13
5527,5.13
5528,5.13
5529,5.13
5530,5.13
5531,5.13
5532,5.13
5533,5.13
5534,5.13
5535,5.13
5536,5.13
5537,5.13
5538,5.13
5539,5.13
5540,5.13
5541,5.13
5542,5.13
5543,5.13
5544,5.13
5545,5.13
5546,5.13
5547,5.13
5548,5.13
5549,5.13
5550,5.13
5551,5.13
5552,5.13
5553,5.13
5554,5.13
5555,5.13
5556,5.13
5557,5.13
5558,5.13
5559,5.13
5560,5.13
5561,5.13
5562,5.13
5563,5.13
5564,5.13
5565,5.13
5566,5.13
5567,5.13
5568,5.13
5569,5.13
5570,5.13
5571,5.13
5572,5.13
5573,5.13
5574,5.13
5575,5.13
5576,5.13
5577,5.13
5578,5.13
5579,5.13
5580,5.13
5581,5.13
5582,5.13
5583,5.13
5584,5.13
5585,5.13
5586,5.13
5587,5.13
5588,5.13
5589,5.13
5590,5.13
5591,5.13
5592,5.13
5593,5.13
5594,5.13
5595,5.13
5596,5.13
5597,5.13
5598,5.13
5599,5.13
5600,5.13
5601,5.13
5602,5.13
5603,5.13
5604,5.13
5605,5.13
5606,5.13
5607,5.13
5608,5.13
5609,5.13
5610,5.13
5611,5.13
5612,5.13
5613,5.13
5614,5.13
5615,5.13
5616,5.13
5617,5.13
5618,5.13
5619,5.13
5620,5.13
5621,5.13
5622,5.13
5623,5.13
5624,5.13
5625,5.13
5626,5.13
5627,5.13
5628,5.13
5629,5.13
5630,5.13
5631,5.13
5632,5.13
5633,5.13
5634,5.13
5635,5.13
5636,5.13
5637,5.13
5638,5.13
5639,5.13
5640,5.13
5641,5.13
5642,5.13
5643,5.13
5644,5.13
5645,5.13
5646,5.13
5647,5.13
5648,5.13
5649,5.13
5650,5.13
5651,5.13
5652,5.13
5653,5.13
5654,5.13
5655,5.13
5656,5.13
5657,5.13
5658,5.13
5659,5.13
5660,5.13
5661,5.13
5662,5.13
5663,5.13
5664,5.13
5665,5.13
5666,5.13
5667,5.13
5668,5.13
5669,5.13
5670,5.13
5671,5.13
5672,5.13
5673,5.13
5674,5.13
5675,5.13
5676,5.13
5677,5.13
5678,5.13
5679,5.13
5680,5.13
5681,5.13
5682,5.13
5683,5.13
5684,5.13
5685,5.13
5686,5.13
5687,5.13
5688,5.13
5689,5.13
5690,5.13
5691,5.13
5692,5.13
5693,5.13
5694,5.13
5695,5.13
5696,5.13
5697,5.13
5698,5.13
5699,5.13
5700,5.13
5701,5.13
5702,5.13
5703,5.13
5704,5.13
5705,5.13
5706,5.13
5707,5.13
5708,5.13
5709,5.13
5710,5.13
5711,5.13
5712,5.13
5713,5.13
5714,5.13
5715,5.13
5716,5.13
5717,5.13
5718,5.13
5719,5.13
5720,5.13
5721,5.13
5722,5.13
5723,5.13
5724,5.13
5725,5.13
5726,5.13
5727,5.13
5728,5.13
5729,5.13
5730,5.13
5731,5.13
5732,5.13
5733,5.13
5734,5.13
5735,5.13
5736,5.13
5737,5.13
5738,5.13
5739,5.13
5740,5.13
5741,5.13
5742,5.13
5743,5.13
5744,5.13
5745,5.13
5746,5.13
5747,5.13
5748,5.13
5749,5.13
5750,5.13
5751,5.13
5752,5.13
5753,5.13
5754,5.13
5755,5.13
5756,5.13
5757,5.13
5758,5.13
5759,5.13
5760,5.13
5761,5.13
5762,5.13
5763,5.13
5764,5.13
5765,5.13
5766,5.13
5767,5.13
5768,5.13
5769,5.13
5770,5.13
5771,5.13
5772,5.13
5773,5.13
5774,5.13
5775,5.13
5776,5.13
5777,5.13
5778,5.13
5779,5.13
5780,5.13
5781,5.13
5782,5.13
5783,5.13
5784,5.13
5785,5.13
5786,5.13
5787,5.13
5788,5.13
5789,5.13
5790,5.13
5791,5.13
5792,5.13
5793,5.13
5794,5.13
5795,5.13
5796,5.13
5797,5.13
5798,5.13
5799,5.13
5800,5.13
5801,5.13
5802,5.13
5803,5.13
5804,5.13
5805,5.13
5806,5.13
5807,5.13
5808,5.13
5809,5.13
5810,5.13
5811,5.13
5812,5.13
5813,5.13
5814,5.13
5815,5.13
5816,5.13
5817,5.13
5818,5.13
5819,5.13
5820,5.13
5821,5.13
5822,5.13
5823,5.13
5824,5.13
5825,5.13
5826,5.13
5827,5.13
5828,5.13
5829,5.13
5830,5.13
5831,5.13
5832,5.13
5833,5.13
5834,5.13
5835,5.13
5836,5.13
5837,5.13
5838,5.13
5839,5.13
5840,5.13
5841,5.13
5842,5.13
5843,5.13
5844,5.13
5845,5.13
5846,5.13
5847,5.13
5848,5.13
5849,5.13
5850,5.13
5851,5.13
5852,5.13
5853,5.13
5854,5.13
5855,5.13
5856,5.13
5857,5.13
5858,5.13
5859,5.13
5860,5.13
5861,5.13
5862,5.13
5863,5.13
5864,5.13
5865,5.13
5866,5.13
5867,5.13
5868,5.13
5869,5.13
5870,5.13
5871,5.13
5872,5.13
5873,5.13
5874,5.13
5875,5.13
5876,5.13
5877,5.13
5878,5.13
5879,5.13
5880,5.13
5881,5.13
5882,5.13
5883,5.13
5884,5.13
5885,5.13
5886,5.13
5887,5.13
5888,5.13
5889,5.13
5890,5.13
5891,5.13
5892,5.13
5893,5.13
5894,5.13
5895,5.13
5896,5.13
5897,5.13
5898,5.13
5899,5.13
5900,5.13
5901,5.13
5902,5.13
5903,5.13
5904,5.13
5905,5.13
5906,5.13
5907,5.13
5908,5.13
5909,5.13
5910,5.13
5911,5.13
5912,5.13
5913,5.13
5914,5.13
5915,5.13
5916,5.13
5917,5.13
5918,5.13
5919,5.13
5920,5.13
5921,5.13
5922,5.13
5923,5.13
5924,5.13
5925,5.13
5926,5.13
5927,5.13
5928,5.13
5929,5.13
5930,5.13
5931,5.13
5932,5.13
5933,5.13
5934,5.13
5935,5.13
5936,5.13
5937,5.13
5938,5.13
5939,5.13
5940,5.13
5941,5.13
5942,5.13
5943,5.13
5944,5.13
5945,5.13
5946,5.13
5947,5.13
5948,5.13
5949,5.13
5950,5.13
5951,5.13
5952,5.13
5953,5.13
5954,5.13
5955,5.13
5956,5.13
5957,5.13
5958,5.13
5959,5.13
5960,5.13
5961,5.13
5962,5.13
5963,5.13
5964,5.13
5965,5.13
5966,5.13
5967,5.13
5968,5.13
5969,5.13
5970,5.13
5971,5.13
5972,5.13
5973,5.13
5974,5.13
5975,5.13
5976,5.13
5977,5.13
5978,5.13
5979,5.13
5980,5.13
5981,5.13
5982,5.13
5983,5.13
5984,5.13
5985,5.13
5986,5.13
5987,5.13
5988,5.13
5989,5.13
5990,5.13
5991,5.13
5992,5.13
5993,5.13
5994,5.13
5995,5.13
5996,5.13
5997,5.13
5998,5.13
5999,5.13
6000,5.13
6001,5.13
6002,5.13
6003,5.13
6004,5.13
6005,5.13
6006,5.13
6007,5.13
6008,5.13
6009,5.13
6010,5.13
6011,5.13
6012,5.13
6013,5.13
6014,5.13
6015,5.13
6016,5.13
6017,5.13
6018,5.13
6019,5.13
6020,5.13
6021,5.13
6022,5.13
6023,5.13
6024,5.13
6025,5.13
6026,5.13
6027,5.13
6028,5.13
6029,5.13
6030,5.13
6031,5.13
6032,5.13
6033,5.13
6034,5.13
6035,5.13
6036,5.13
6037,5.13
6038,5.13
6039,5.13
6040,5.13
6041,5.13
6042,5.13
6043,5.13
6044,5.13
6045,5.13
6046,5.13
6047,5.13
6048,5.13
6049,5.13
6050,5.13
6051,5.13
6052,5.13
6053,5.13
6054,5.13
6055,5.13
6056,5.13
6057,5.13
6058,5.13
6059,5.13
6060,5.13
6061,5.13
6062,5.13
6063,5.13
6064,5.13
6065,5.13
6066,5.13
6067,5.13
6068,5.13
6069,5.13
6070,5.13
6071,5.13
6072,5.13
6073,5.13
6074,5.13
6075,5.13
6076,5.13
6077,5.13
6078,5.13
6079,5.13
6080,5.13
6081,5.13
6082,5.13
6083,5.13
6084,5.13
6085,5.13
6086,5.13
6087,5.13
6088,5.13
6089,5.13
6090,5.13
6091,5.13
6092,5.13
6093,5.13
6094,5.13
6095,5.13
6096,5.13
6097,5.13
6098,5.13
6099,5.13
6100,5.13
6101,5.13
6102,5.13
6103,5.13
6104,5.13
6105,5.13
6106,5.13
6107,5.13
6108,5.13
6109,5.13
6110,5.13
6111,5.13
6112,5.13
6113,5.13
6114,5.13
6115,5.13
6116,5.13
6117,5.13
6118,5.13
6119,5.13
6120,5.13
6121,5.13
6122,5.13
6123,5.13
6124,5.13
6125,5.13
6126,5.13
6127,5.13
6128,5.13
6129,5.13
6130,5.13
6131,5.13
6132,5.13
6133,5.13
6134,5.13
6135,5.13
6136,5.13
6137,5.13
6138,5.13
6139,5.13
6140,5.13
6141,5.13
6142,5.13
6143,5.13
6144,5.13
6145,5.13
6146,5.13
6147,5.13
6148,5.13
6149,5.13
6150,5.13
6151,5.13
6152,5.13
6153,5.13
6154,5.13
6155,5.13
6156,5.13
6157,5.13
6158,5.13
6159,5.13
6160,5.13
6161,5.13
6162,5.13
6163,5.13
6164,5.13
6165,5.13
6166,5.13
6167,5.13
6168,5.13
6169,5.13
6170,5.13
6171,5.13
6172,5.13
6173,5.13
6174,5.13
6175,5.13
6176,5.13
6177,5.13
6178,5.13
6179,5.13
6180,5.13
6181,5.13
6182,5.13
6183,5.13
6184,5.13
6185,5.13
6186,5.13
6187,5.13
6188,5.13
6189,5.13
6190,5.13
6191,5.13
6192,5.13
6193,5.13
6194,5.13
6195,5.13
6196,5.13
6197,5.13
6198,5.13
6199,5.13
6200,5.13
6201,5.13
6202,5.13
6203,5.13
6204,5.13
6205,5.13
6206,5.13
6207,5.13
6208,5.13
6209,5.13
6210,5.13
6211,5.13
6212,5.13
6213,5.13
6214,5.13
6215,5.13
6216,5.13
6217,5.13
6218,5.13
6219,5.13
6220,5.13
6221,5.13
6222,5.13
6223,5.13
6224,5.13
6225,5.13
6226,5.13
6227,5.13
6228,5.13
6229,5.13
6230,5.13
6231,5.13
6232,5.13
6233,5.13
6234,5.13
6235,5.13
6236,5.13
6237,5.13
6238,5.13
6239,5.13
6240,5.13
6241,5.13
6242,5.13
6243,5.13
6244,5.13
6245,5.13
6246,5.13
6247,5.13
6248,5.13
6249,5.13
6250,5.13
6251,5.13
6252,5.13
6253,5.13
6254,5.13
6255,5.13
6256,5.13
6257,5.13
6258,5.13
6259,5.13
6260,5.13
6261,5.13
6262,5.13
6263,5.13
6264,5.13
6265,5.13
6266,5.13
6267,5.13
6268,5.13
6269,5.13
6270,5.13
6271,5.13
6272,5.13
6273,5.13
6274,5.13
6275,5.13
6276,5.13
6277,5.13
6278,5.13
6279,5.13
6280,5.13
6281,5.13
6282,5.13
6283,5.13
6284,5.13
6285,5.13
6286,5.13
6287,5.13
6288,5.13
6289,5.13
6290,5.13
6291,5.13
6292,5.13
6293,5.13
6294,5.13
6295,5.13
6296,5.13
6297,5.13
6298,5.13
6299,5.13
6300,5.13
6301,5.13
6302,5.13
6303,5.13
6304,5.13
6305,5.13
6306,5.13
6307,5.13
6308,5.13
6309,5.13
6310,5.13
6311,5.13
6312,5.13
6313,5.13
6314,5.13
6315,5.13
6316,5.13
6317,5.13
6318,5.13
6319,5.13
6320,5.13
6321,5.13
6322,5.13
6323,5.13
6324,5.13
6325,5.13
6326,5.13
6327,5.13
6328,5.13
6329,5.13
6330,5.13
6331,5.13
6332,5.13
6333,5.13
6334,5.13
6335,5.13
6336,5.13
6337,5.13
6338,5.13
6339,5.13
6340,5.13
6341,5.13
6342,5.13
6343,5.13
6344,5.13
6345,5.13
6346,5.13
6347,5.13
6348,5.13
6349,5.13
6350,5.13
6351,5.13
6352,5.13
6353,5.13
6354,5.13
6355,5.13
6356,5.13
6357,5.13
6358,5.13
6359,5.13
6360,5.13
6361,5.13
6362,5.13
6363,5.13
6364,5.13
6365,5.13
6366,5.13
6367,5.13
6368,5.13
6369,5.13
6370,5.13
6371,5.13
6372,5.13
6373,5.13
6374,5.13
6375,5.13
6376,5.13
6377,5.13
6378,5.13
6379,5.13
6380,5.13
6381,5.13
6382,5.13
6383,5.13
6384,5.13
6385,5.13
6386,5.13
6387,5.13
6388,5.13
6389,5.13
6390,5.13
6391,5.13
6392,5.13
6393,5.13
6394,5.13
6395,5.13
6396,5.13
6397,5.13
6398,5.13
6399,5.13
6400,5.13
6401,5.13
6402,5.13
6403,5.13
6404,5.13
6405,5.13
6406,5.13
6407,5.13
6408,5.13
6409,5.13
6410,5.13
6411,5.13
6412,5.13
6413,5.13
6414,5.13
6415,5.13
6416,5.13
6417,5.13
6418,5.13
6419,5.13
6420,5.13
6421,5.13
6422,5.13
6423,5.13
6424,5.13
6425,5.13
6426,5.13
6427,5.13
6428,5.13
6429,5.13
6430,5.13
6431,5.13
6432,5.13
6433,5.13
6434,5.13
6435,5.13
6436,5.13
6437,5.13
6438,5.13
6439,5.13
6440,5.13
6441,5.13
6442,5.13
6443,5.13
6444,5.13
6445,5.13
6446,5.13
6447,5.13
6448,5.13
6449,5.13
6450,5.13
6451,5.13
6452,5.13
6453,5.13
6454,5.13
6455,5.13
6456,5.13
6457,5.13
6458,5.13
6459,5.13
6460,5.13
6461,5.13
6462,5.13
6463,5.13
6464,5.13
6465,5.13
6466,5.13
6467,5.13
6468,5.13
6469,5.13
6470,5.13
6471,5.13
6472,5.13
6473,5.13
6474,5.13
6475,5.13
6476,5.13
6477,5.13
6478,5.13
6479,5.13
6480,5.13
6481,5.13
6482,5.13
6483,5.13
6484,5.13
6485,5.13
6486,5.13
6487,5.13
6488,5.13
6489,5.13
6490,5.13
6491,5.13
6492,5.13
6493,5.13
6494,5.13
6495,5.13
6496,5.13
6497,5.13
6498,5.13
6499,5.13
6500,5.13
6501,5.13
6502,5.13
6503,5.13
6504,5.13
6505,5.13
6506,5.13
6507,5.13
6508,5.13
6509,5.13
6510,5.13
6511,5.13
6512,5.13
6513,5.13
6514,5.13
6515,5.13
6516,5.13
6517,5.13
6518,5.13
6519,5.13
6520,5.13
6521,5.13
6522,5.13
6523,5.13
6524,5.13
6525,5.13
6526,5.13
6527,5.13
6528,5.13
6529,5.13
6530,5.13
6531,5.13
6532,5.13
6533,5.13
6534,5.13
6535,5.13
6536,5.13
6537,5.13
6538,5.13
6539,5.13
6540,5.13
6541,5.13
6542,5.13
6543,5.13
6544,5.13
6545,5.13
6546,5.13
6547,5.13
6548,5.13
6549,5.13
6550,5.13
6551,5.13
6552,5.13
6553,5.13
6554,5.13
6555,5.13
6556,5.13
6557,5.13
6558,5.13
6559,5.13
6560,5.13
6561,5.13
6562,5.13
6563,5.13
6564,5.13
6565,5.13
6566,5.13
6567,5.13
6568,5.13
6569,5.13
6570,5.13
6571,5.13
6572,5.13
6573,5.13
6574,5.13
6575,5.13
6576,5.13
6577,5.13
6578,5.13
6579,5.13
6580,5.13
6581,5.13
6582,5.13
6583,5.13
6584,5.13
6585,5.13
6586,5.13
6587,5.13
6588,5.13
6589,5.13
6590,5.13
6591,5.13
6592,5.13
6593,5.13
6594,5.13
6595,5.13
6596,5.13
6597,5.13
6598,5.13
6599,5.13
6600,5.13
6601,5.13
6602,5.13
6603,5.13
6604,5.13
6605,5.13
6606,5.13
6607,5.13
6608,5.13
6609,5.13
6610,5.13
6611,5.13
6612,5.13
6613,5.13
6614,5.13
6615,5.13
6616,5.13
6617,5.13
6618,5.13
6619,5.13
6620,5.13
6621,5.13
6622,5.13
6623,5.13
6624,5.13
6625,5.13
6626,5.13
6627,5.13
6628,5.13
6629,5.13
6630,5.13
6631,5.13
6632,5.13
6633,5.13
6634,5.13
6635,5.13
6636,5.13
6637,5.13
6638,5.13
6639,5.13
6640,5.13
6641,5.13
6642,5.13
6643,5.13
6644,5.13
6645,5.13
6646,5.13
6647,5.13
6648,5.13
6649,5.13
6650,5.13
6651,5.13
6652,5.13
6653,5.13
6654,5.13
6655,5.13
6656,5.13
6657,5.13
6658,5.13
6659,5.13
6660,5.13
6661,5.13
6662,5.13
6663,5.13
6664,5.13
6665,5.13
6666,5.13
6667,5.13
6668,5.13
6669,5.13
6670,5.13
6671,5.13
6672,5.13
6673,5.13
6674,5.13
6675,5.13
6676,5.13
6677,5.13
6678,5.13
6679,5.13
6680,5.13
6681,5.13
6682,5.13
6683,5.13
6684,5.13
6685,5.13
6686,5.13
6687,5.13
6688,5.13
6689,5.13
6690,5.13
6691,5.13
6692,5.13
6693,5.13
6694,5.13
6695,5.13
6696,5.13
6697,5.13
6698,5.13
6699,5.13
6700,5.13
6701,5.13
6702,5.13
6703,5.13
6704,5.13
6705,5.13
6706,5.13
6707,5.13
6708,5.13
6709,5.13
6710,5.13
6711,5.13
6712,5.13
6713,5.13
6714,5.13
6715,5.13
6716,5.13
6717,5.13
6718,5.13
6719,5.13
6720,5.13
6721,5.13
6722,5.13
6723,5.13
6724,5.13
6725,5.13
6726,5.13
6727,5.13
6728,5.13
6729,5.13
6730,5.13
6731,5.13
6732,5.13
6733,5.13
6734,5.13
6735,5.13
6736,5.13
6737,5.13
6738,5.13
6739,5.13
6740,5.13
6741,5.13
6742,5.13
6743,5.13
6744,5.13
6745,5.13
6746,5.13
6747,5.13
6748,5.13
6749,5.13
6750,5.13
6751,5.13
6752,5.13
6753,5.13
6754,5.13
6755,5.13
6756,5.13
6757,5.13
6758,5.13
6759,5.13
6760,5.13
6761,5.13
6762,5.13
6763,5.13
6764,5.13
6765,5.13
6766,5.13
6767,5.13
6768,5.13
6769,5.13
6770,5.13
6771,5.13
6772,5.13
6773,5.13
6774,5.13
6775,5.13
6776,5.13
6777,5.13
6778,5.13
6779,5.13
6780,5.13
6781,5.13
6782,5.13
6783,5.13
6784,5.13
6785,5.13
6786,5.13
6787,5.13
6788,5.13
6789,5.13
6790,5.13
6791,5.13
6792,5.13
6793,5.13
6794,5.13
6795,5.13
6796,5.13
6797,5.13
6798,5.13
6799,5.13
6800,5.13
6801,5.13
6802,5.13
6803,5.13
6804,5.13
6805,5.13
6806,5.13
6807,5.13
6808,5.13
6809,5.13
6810,5.13
6811,5.13
6812,5.13
6813,5.13
6814,5.13
6815,5.13
6816,5.13
6817,5.13
6818,5.13
6819,5.13
6820,5.13
6821,5.13
6822,5.13
6823,5.13
6824,5.13
6825,5.13
6826,5.13
6827,5.13
6828,5.13
6829,5.13
6830,5.13
6831,5.13
6832,5.13
6833,5.13
6834,5.13
6835,5.13
6836,5.13
6837,5.13
6838,5.13
6839,5.13
6840,5.13
6841,5.13
6842,5.13
6843,5.13
6844,5.13
6845,5.13
6846,5.13
6847,5.13
6848,5.13
6849,5.13
6850,5.13
6851,5.13
6852,5.13
6853,5.13
6854,5.13
6855,5.13
6856,5.13
6857,5.13
6858,5.13
6859,5.13
6860,5.13
6861,5.13
6862,5.13
6863,5.13
6864,5.13
6865,5.13
6866,5.13
6867,5.13
6868,5.13
6869,5.13
6870,5.13
6871,5.13
6872,5.13
6873,5.13
6874,5.13
6875,5.13
6876,5.13
6877,5.13
6878,5.13
6879,5.13
6880,5.13
6881,5.13
6882,5.13
6883,5.13
6884,5.13
6885,5.13
6886,5.13
6887,5.13
6888,5.13
6889,5.13
6890,5.13
6891,5.13
6892,5.13
6893,5.13
6894,5.13
6895,5.13
6896,5.13
6897,5.13
6898,5.13
6899,5.13
6900,5.13
6901,5.13
6902,5.13
6903,5.13
6904,5.13
6905,5.13
6906,5.13
6907,5.13
6908,5.13
6909,5.13
6910,5.13
6911,5.13
6912,5.13
6913,5.13
6914,5.13
6915,5.13
6916,5.13
6917,5.13
6918,5.13
6919,5.13
6920,5.13
6921,5.13
6922,5.13
6923,5.13
6924,5.13
6925,5.13
6926,5.13
6927,5.13
6928,5.13
6929,5.13
6930,5.13
6931,5.13
6932,5.13
6933,5.13
6934,5.13
6935,5.13
6936,5.13
6937,5.13
6938,5.13
6939,5.13
6940,5.13
6941,5.13
6942,5.13
6943,5.13
6944,5.13
6945,5.13
6946,5.13
6947,5.13
6948,5.13
6949,5.13
6950,5.13
6951,5.13
6952,5.13
6953,5.13
6954,5.13
6955,5.13
6956,5.13
6957,5.13
6958,5.13
6959,5.13
6960,5.13
6961,5.13
6962,5.13
6963,5.13
6964,5.13
6965,5.13
6966,5.13
6967,5.13
6968,5.13
6969,5.13
6970,5.13
6971,5.13
6972,5.13
6973,5.13
6974,5.13
6975,5.13
6976,5.13
6977,5.13
6978,5.13
6979,5.13
6980,5.13
6981,5.13
6982,5.13
6983,5.13
6984,5.13
6985,5.13
6986,5.13
6987,5.13
6988,5.13
6989,5.13
6990,5.13
6991,5.13
6992,5.13
6993,5.13
6994,5.13
6995,5.13
6996,5.13
6997,5.13
6998,5.13
6999,5.13
7000,5.13
7001,5.13
7002,5.13
7003,5.13
7004,5.13
7005,5.13
7006,5.13
7007,5.13
7008,5.13
7009,5.13
7010,5.13
7011,5.13
7012,5.13
7013,5.13
7014,5.13
7015,5.13
7016,5.13
7017,5.13
7018,5.13
7019,5.13
7020,5.13
7021,5.13
7022,5.13
7023,5.13
7024,5.13
7025,5.13
7026,5.13
7027,5.13
7028,5.13
7029,5.13
7030,5.13
7031,5.13
7032,5.13
7033,5.13
7034,5.13
7035,5.13
7036,5.13
7037,5.13
7038,5.13
7039,5.13
7040,5.13
7041,5.13
7042,5.13
7043,5.13
7044,5.13
7045,5.13
7046,5.13
7047,5.13
7048,5.13
7049,5.13
7050,5.13
7051,5.13
7052,5.13
7053,5.13
7054,5.13
7055,5.13
7056,5.13
7057,5.13
7058,5.13
7059,5.13
7060,5.13
7061,5.13
7062,5.13
7063,5.13
7064,5.13
7065,5.13
7066,5.13
7067,5.13
7068,5.13
7069,5.13
7070,5.13
7071,5.13
7072,5.13
7073,5.13
7074,5.13
7075,5.13
7076,5.13
7077,5.13
7078,5.13
7079,5.13
7080,5.13
7081,5.13
7082,5.13
7083,5.13
7084,5.13
7085,5.13
7086,5.13
7087,5.13
7088,5.13
7089,5.13
7090,5.13
7091,5.13
7092,5.13
7093,5.13
7094,5.13
7095,5.13
7096,5.13
7097,5.13
7098,5.13
7099,5.13
7100,5.13
7101,5.13
7102,5.13
7103,5.13
7104,5.13
7105,5.13
7106,5.13
7107,5.13
7108,5.13
7109,5.13
7110,5.13
7111,5.13
7112,5.13
7113,5.13
7114,5.13
7115,5.13
7116,5.13
7117,5.13
7118,5.13
7119,5.13
7120,5.13
7121,5.13
7122,5.13
7123,5.13
7124,5.13
7125,5.13
7126,5.13
7127,5.13
7128,5.13
7129,5.13
7130,5.13
7131,5.13
7132,5.13
7133,5.13
7134,5.13
7135,5.13
7136,5.13
7137,5.13
7138,5.13
7139,5.13
7140,5.13
7141,5.13
7142,5.13
7143,5.13
7144,5.13
7145,5.13
7146,5.13
7147,5.13
7148,5.13
7149,5.13
7150,5.13
7151,5.13
7152,5.13
7153,5.13
7154,5.13
7155,5.13
7156,5.13
7157,5.13
7158,5.13
7159,5.13
7160,5.13
7161,5.13
7162,5.13
7163,5.13
7164,5.13
7165,5.13
7166,5.13
7167,5.13
7168,5.13
7169,5.13
7170,5.13
7171,5.13
7172,5.13
7173,5.13
7174,5.13
7175,5.13
7176,5.13
7177,5.13
7178,5.13
7179,5.13
7180,5.13
7181,5.13
7182,5.13
7183,5.13
7184,5.13
7185,5.13
7186,5.13
7187,5.13
7188,5.13
7189,5.13
7190,5.13
7191,5.13
7192,5.13
7193,5.13
7194,5.13
7195,5.13
7196,5.13
7197,5.13
7198,5.13
7199,5.13
7200,5.13
7201,5.13
7202,5.13
7203,5.13
7204,5.13
7205,5.13
7206,5.13
7207,5.13
7208,5.13
7209,5.13
7210,5.13
7211,5.13
7212,5.13
7213,5.13
7214,5.13
7215,5.13
7216,5.13
7217,5.13
7218,5.13
7219,5.13
7220,5.13
7221,5.13
7222,5.13
7223,5.13
7224,5.13
7225,5.13
7226,5.13
7227,5.13
7228,5.13
7229,5.13
7230,5.13
7231,5.13
7232,5.13
7233,5.13
7234,5.13
7235,5.13
7236,5.13
7237,5.13
7238,5.13
7239,5.13
7240,5.13
7241,5.13
7242,5.13
7243,5.13
7244,5.13
7245,5.13
7246,5.13
7247,5.13
7248,5.13
7249,5.13
7250,5.13
7251,5.13
7252,5.13
7253,5.13
7254,5.13
7255,5.13
7256,5.13
7257,5.13
7258,5.13
7259,5.13
7260,5.13
7261,5.13
7262,5.13
7263,5.13
7264,5.13
7265,5.13
7266,5.13
7267,5.13
7268,5.13
7269,5.13
7270,5.13
7271,5.13
7272,5.13
7273,5.13
7274,5.13
7275,5.13
7276,5.13
7277,5.13
7278,5.13
7279,5.13
7280,5.13
7281,5.13
7282,5.13
7283,5.13
7284,5.13
7285,5.13
7286,5.13
7287,5.13
7288,5.13
7289,5.13
7290,5.13
7291,5.13
7292,5.13
7293,5.13
7294,5.13
7295,5.13
7296,5.13
7297,5.13
7298,5.13
7299,5.13
7300,5.13
7301,5.13
7302,5.13
7303,5.13
7304,5.13
7305,5.13
7306,5.13
7307,5.13
7308,5.13
7309,5.13
7310,5.13
7311,5.13
7312,5.13
7313,5.13
7314,5.13
7315,5.13
7316,5.13
7317,5.13
7318,5.13
7319,5.13
7320,5.13
7321,5.13
7322,5.13
7323,5.13
7324,5.13
7325,5.13
7326,5.13
7327,5.13
7328,5.13
7329,5.13
7330,5.13
7331,5.13
7332,5.13
7333,5.13
7334,5.13
7335,5.13
7336,5.13
7337,5.13
7338,5.13
7339,5.13
7340,5.13
7341,5.13
7342,5.13
7343,5.13
7344,5.13
7345,5.13
7346,5.13
7347,5.13
7348,5.13
7349,5.13
7350,5.13
7351,5.13
7352,5.13
7353,5.13
7354,5.13
7355,5.13
7356,5.13
7357,5.13
7358,5.13
7359,5.13
7360,5.13
7361,5.13
7362,5.13
7363,5.13
7364,5.13
7365,5.13
7366,5.13
7367,5.13
7368,5.13
7369,5.13
7370,5.13
7371,5.13
7372,5.13
7373,5.13
7374,5.13
7375,5.13
7376,5.13
7377,5.13
7378,5.13
7379,5.13
7380,5.13
7381,5.13
7382,5.13
7383,5.13
7384,5.13
7385,5.13
7386,5.13
7387,5.13
7388,5.13
7389,5.13
7390,5.13
7391,5.13
7392,5.13
7393,5.13
7394,5.13
7395,5.13
7396,5.13
7397,5.13
7398,5.13
7399,5.13
7400,5.13
7401,5.13
7402,5.13
7403,5.13
7404,5.13
7405,5.13
7406,5.13
7407,5.13
7408,5.13
7409,5.13
7410,5.13
7411,5.13
7412,5.13
7413,5.13
7414,5.13
7415,5.13
7416,5.13
7417,5.13
7418,5.13
7419,5.13
7420,5.13
7421,5.13
7422,5.13
7423,5.13
7424,5.13
7425,5.13
7426,5.13
7427,5.13
7428,5.13
7429,5.13
7430,5.13
7431,5.13
7432,5.13
7433,5.13
7434,5.13
7435,5.13
7436,5.13
7437,5.13
7438,5.13
7439,5.13
7440,5.13
7441,5.13
7442,5.13
7443,5.13
7444,5.13
7445,5.13
7446,5.13
7447,5.13
7448,5.13
7449,5.13
7450,5.13
7451,5.13
7452,5.13
7453,5.13
7454,5.13
7455,5.13
7456,5.13
7457,5.13
7458,5.13
7459,5.13
7460,5.13
7461,5.13
7462,5.13
7463,5.13
7464,5.13
7465,5.13
7466,5.13
7467,5.13
7468,5.13
7469,5.13
7470,5.13
7471,5.13
7472,5.13
7473,5.13
7474,5.13
7475,5.13
7476,5.13
7477,5.13
7478,5.13
7479,5.13
7480,5.13
7481,5.13
7482,5.13
7483,5.13
7484,5.13
7485,5.13
7486,5.13
7487,5.13
7488,5.13
7489,5.13
7490,5.13
7491,5.13
7492,5.13
7493,5.13
7494,5.13
7495,5.13
7496,5.13
7497,5.13
7498,5.13
7499,5.13
7500,5.13
7501,5.13
7502,5.13
7503,5.13
7504,5.13
7505,5.13
7506,5.13
7507,5.13
7508,5.13
7509,5.13
7510,5.13
7511,5.13
7512,5.13
7513,5.13
7514,5.13
7515,5.13
7516,5.13
7517,5.13
7518,5.13
7519,5.13
7520,5.13
7521,5.13
7522,5.13
7523,5.13
7524,5.13
7525,5.13
7526,5.13
7527,5.13
7528,5.13
7529,5.13
7530,5.13
7531,5.13
7532,5.13
7533,5.13
7534,5.13
7535,5.13
7536,5.13
7537,5.13
7538,5.13
7539,5.13
7540,5.13
7541,5.13
7542,5.13
7543,5.13
7544,5.13
7545,5.13
7546,5.13
7547,5.13
7548,5.13
7549,5.13
7550,5.13
7551,5.13
7552,5.13
7553,5.13
7554,5.13
7555,5.13
7556,5.13
7557,5.13
7558,5.13
7559,5.13
7560,5.13
7561,5.13
7562,5.13
7563,5.13
7564,5.13
7565,5.13
7566,5.13
7567,5.13
7568,5.13
7569,5.13
7570,5.13
7571,5.13
7572,5.13
7573,5.13
7574,5.13
7575,5.13
7576,5.13
7577,5.13
7578,5.13
7579,5.13
7580,5.13
7581,5.13
7582,5.13
7583,5.13
7584,5.13
7585,5.13
7586,5.13
7587,5.13
7588,5.13
7589,5.13
7590,5.13
7591,5.13
7592,5.13
7593,5.13
7594,5.13
7595,5.13
7596,5.13
7597,5.13
7598,5.13
7599,5.13
7600,5.13
7601,5.13
7602,5.13
7603,5.13
7604,5.13
7605,5.13
7606,5.13
7607,5.13
7608,5.13
7609,5.13
7610,5.13
7611,5.13
7612,5.13
7613,5.13
7614,5.13
7615,5.13
7616,5.13
7617,5.13
7618,5.13
7619,5.13
7620,5.13
7621,5.13
7622,5.13
7623,5.13
7624,5.13
7625,5.13
7626,5.13
7627,5.13
7628,5.13
7629,5.13
7630,5.13
7631,5.13
7632,5.13
7633,5.13
7634,5.13
7635,5.13
7636,5.13
7637,5.13
7638,5.13
7639,5.13
7640,5.13
7641,5.13
7642,5.13
7643,5.13
7644,5.13
7645,5.13
7646,5.13
7647,5.13
7648,5.13
7649,5.13
7650,5.13
7651,5.13
7652,5.13
7653,5.13
7654,5.13
7655,5.13
7656,5.13
7657,5.13
7658,5.13
7659,5.13
7660,5.13
7661,5.13
7662,5.13
7663,5.13
7664,5.13
7665,5.13
7666,5.13
7667,5.13
7668,5.13
7669,5.13
7670,5.13
7671,5.13
7672,5.13
7673,5.13
7674,5.13
7675,5.13
7676,5.13
7677,5.13
7678,5.13
7679,5.13
7680,5.13
7681,5.13
7682,5.13
7683,5.13
7684,5.13
7685,5.13
7686,5.13
7687,5.13
7688,5.13
7689,5.13
7690,5.13
7691,5.13
7692,5.13
7693,5.13
7694,5.13
7695,5.13
7696,5.13
7697,5.13
7698,5.13
7699,5.13
7700,5.13
7701,5.13
7702,5.13
7703,5.13
7704,5.13
7705,5.13
7706,5.13
7707,5.13
7708,5.13
7709,5.13
7710,5.13
7711,5.13
7712,5.13
7713,5.13
7714,5.13
7715,5.13
7716,5.13
7717,5.13
7718,5.13
7719,5.13
7720,5.13
7721,5.13
7722,5.13
7723,5.13
7724,5.13
7725,5.13
7726,5.13
7727,5.13
7728,5.13
7729,5.13
7730,5.13
7731,5.13
7732,5.13
7733,5.13
7734,5.13
7735,5.13
7736,5.13
7737,5.13
7738,5.13
7739,5.13
7740,5.13
7741,5.13
7742,5.13
7743,5.13
7744,5.14
7745,5.13
7746,5.13
7747,5.13
7748,5.13
7749,5.13
7750,5.13
7751,5.13
7752,5.13
7753,5.13
7754,5.13
7755,5.13
7756,5.13
7757,5.13
7758,5.13
7759,5.13
7760,5.13
7761,5.13
7762,5.13
7763,5.13
7764,5.13
7765,5.13
7766,5.13
7767,5.13
7768,5.13
7769,5.13
7770,5.13
7771,5.13
7772,5.13
7773,5.13
7774,5.13
7775,5.13
7776,5.13
7777,5.13
7778,5.13
7779,5.13
7780,5.13
7781,5.13
7782,5.13
7783,5.13
7784,5.13
7785,5.13
7786,5.13
7787,5.13
7788,5.13
7789,5.13
7790,5.13
7791,5.13
7792,5.13
7793,5.13
7794,5.13
7795,5.13
7796,5.13
7797,5.13
7798,5.13
7799,5.13
7800,5.13
7801,5.13
7802,5.13
7803,5.13
7804,5.13
7805,5.13
7806,5.13
7807,5.13
7808,5.13
7809,5.13
7810,5.13
7811,5.13
7812,5.13
7813,5.13
7814,5.13
7815,5.13
7816,5.13
7817,5.13
7818,5.13
7819,5.13
7820,5.13
7821,5.13
7822,5.13
7823,5.13
7824,5.13
7825,5.13
7826,5.13
7827,5.13
7828,5.13
7829,5.13
7830,5.13
7831,5.13
7832,5.13
7833,5.13
7834,5.13
7835,5.13
7836,5.13
7837,5.13
7838,5.13
7839,5.13
7840,5.13
7841,5.13
7842,5.13
7843,5.13
7844,5.13
7845,5.13
7846,5.13
7847,5.13
7848,5.13
7849,5.13
7850,5.13
7851,5.13
7852,5.13
7853,5.13
7854,5.13
7855,5.13
7856,5.13
7857,5.13
7858,5.13
7859,5.13
7860,5.13
7861,5.13
7862,5.13
7863,5.13
7864,5.13
7865,5.13
7866,5.13
7867,5.13
7868,5.13
7869,5.13
7870,5.13
7871,5.13
7872,5.13
7873,5.13
7874,5.13
7875,5.13
7876,5.13
7877,5.13
7878,5.13
7879,5.13
7880,5.13
7881,5.13
7882,5.13
7883,5.13
7884,5.13
7885,5.13
7886,5.13
7887,5.13
7888,5.13
7889,5.13
7890,5.13
7891,5.13
7892,5.13
7893,5.13
7894,5.13
7895,5.13
7896,5.13
7897,5.13
7898,5.13
7899,5.13
7900,5.13
7901,5.13
7902,5.13
7903,5.13
7904,5.13
7905,5.13
7906,5.13
7907,5.13
7908,5.13
7909,5.13
7910,5.13
7911,5.13
7912,5.13
7913,5.13
7914,5.13
7915,5.13
7916,5.13
7917,5.13
7918,5.13
7919,5.13
7920,5.13
7921,5.13
7922,5.13
7923,5.13
7924,5.13
7925,5.13
7926,5.13
7927,5.13
7928,5.13
7929,5.13
7930,5.13
7931,5.13
7932,5.13
7933,5.13
7934,5.13
7935,5.13
7936,5.13
7937,5.13
7938,5.13
7939,5.13
7940,5.13
7941,5.13
7942,5.14
7943,5.13
7944,5.13
7945,5.13
7946,5.13
7947,5.13
7948,5.13
7949,5.13
7950,5.13
7951,5.13
7952,5.13
7953,5.13
7954,5.13
7955,5.13
7956,5.13
7957,5.13
7958,5.13
7959,5.13
7960,5.13
7961,5.13
7962,5.13
7963,5.14
7964,5.13
7965,5.13
7966,5.13
7967,5.13
7968,5.13
7969,5.13
7970,5.13
7971,5.13
7972,5.13
7973,5.13
7974,5.13
7975,5.13
7976,5.13
7977,5.13
7978,5.13
7979,5.13
7980,5.13
7981,5.13
7982,5.13
7983,5.13
7984,5.13
7985,5.13
7986,5.13
7987,5.13
7988,5.13
7989,5.13
7990,5.13
7991,5.13
7992,5.13
7993,5.13
7994,5.13
7995,5.13
7996,5.13
7997,5.13
7998,5.13
7999,5.13
8000,5.13
8001,5.13
8002,5.13
8003,5.13
8004,5.13
8005,5.13
8006,5.13
8007,5.13
8008,5.13
8009,5.13
8010,5.13
8011,5.13
8012,5.13
8013,5.13
8014,5.13
8015,5.13
8016,5.13
8017,5.13
8018,5.13
8019,5.13
8020,5.13
8021,5.13
8022,5.13
8023,5.13
8024,5.13
8025,5.13
8026,5.13
8027,5.13
8028,5.13
8029,5.13
8030,5.13
8031,5.13
8032,5.13
8033,5.13
8034,5.13
8035,5.13
8036,5.13
8037,5.13
8038,5.13
8039,5.13
8040,5.13
8041,5.13
8042,5.13
8043,5.13
8044,5.13
8045,5.13
8046,5.13
8047,5.13
8048,5.14
8049,5.13
8050,5.13
8051,5.13
8052,5.13
8053,5.13
8054,5.13
8055,5.13
8056,5.13
8057,5.13
8058,5.13
8059,5.13
8060,5.13
8061,5.13
8062,5.13
8063,5.13
8064,5.13
8065,5.13
8066,5.13
8067,5.13
8068,5.13
8069,5.13
8070,5.13
8071,5.13
8072,5.13
8073,5.13
8074,5.13
8075,5.13
8076,5.13
8077,5.13
8078,5.13
8079,5.13
8080,5.13
8081,5.13
8082,5.13
8083,5.13
8084,5.13
8085,5.13
8086,5.13
8087,5.13
8088,5.13
8089,5.13
8090,5.13
8091,5.13
8092,5.13
8093,5.13
8094,5.13
8095,5.13
8096,5.13
8097,5.13
8098,5.13
8099,5.13
8100,5.13
8101,5.13
8102,5.13
8103,5.13
8104,5.13
8105,5.13
8106,5.13
8107,5.13
8108,5.13
8109,5.13
8110,5.13
8111,5.13
8112,5.13
8113,5.13
8114,5.13
8115,5.13
8116,5.13
8117,5.13
8118,5.13
8119,5.13
8120,5.13
8121,5.13
8122,5.13
8123,5.13
8124,5.13
8125,5.13
8126,5.13
8127,5.13
8128,5.13
8129,5.13
8130,5.13
8131,5.13
8132,5.13
8133,5.13
8134,5.13
8135,5.13
8136,5.13
8137,5.13
8138,5.13
8139,5.13
8140,5.13
8141,5.13
8142,5.13
8143,5.13
8144,5.13
8145,5.13
8146,5.13
8147,5.13
8148,5.13
8149,5.13
8150,5.13
8151,5.13
8152,5.13
8153,5.13
8154,5.13
8155,5.13
8156,5.13
8157,5.13
8158,5.13
8159,5.13
8160,5.13
8161,5.13
8162,5.13
8163,5.13
8164,5.13
8165,5.13
8166,5.13
8167,5.13
8168,5.13
8169,5.13
8170,5.13
8171,5.13
8172,5.13
8173,5.13
8174,5.13
8175,5.13
8176,5.13
8177,5.13
8178,5.13
8179,5.13
8180,5.13
8181,5.13
8182,5.13
8183,5.13
8184,5.13
8185,5.13
8186,5.13
8187,5.13
8188,5.13
8189,5.13
8190,5.13
8191,5.13
8192,5.13
8193,5.13
8194,5.13
8195,5.13
8196,5.13
8197,5.13
8198,5.13
8199,5.13
8200,5.13
8201,5.13
8202,5.13
8203,5.13
8204,5.13
8205,5.13
8206,5.13
8207,5.13
8208,5.13
8209,5.13
8210,5.13
8211,5.13
8212,5.13
8213,5.13
8214,5.13
8215,5.13
8216,5.13
8217,5.13
8218,5.13
8219,5.13
8220,5.13
8221,5.13
8222,5.13
8223,5.13
8224,5.13
8225,5.13
8226,5.13
8227,5.13
8228,5.13
8229,5.13
8230,5.13
8231,5.13
8232,5.13
8233,5.13
8234,5.13
8235,5.13
8236,5.13
8237,5.13
8238,5.13
8239,5.13
8240,5.13
8241,5.13
8242,5.13
8243,5.13
8244,5.13
8245,5.13
8246,5.13
8247,5.13
8248,5.13
8249,5.13
8250,5.13
8251,5.13
8252,5.13
8253,5.13
8254,5.13
8255,5.13
8256,5.13
8257,5.13
8258,5.13
8259,5.13
8260,5.13
8261,5.13
8262,5.13
8263,5.13
8264,5.13
8265,5.13
8266,5.13
8267,5.13
8268,5.13
8269,5.13
8270,5.13
8271,5.13
8272,5.13
8273,5.13
8274,5.13
8275,5.13
8276,5.13
8277,5.13
8278,5.13
8279,5.13
8280,5.13
8281,5.13
8282,5.13
8283,5.13
8284,5.13
8285,5.13
8286,5.13
8287,5.13
8288,5.13
8289,5.13
8290,5.13
8291,5.13
8292,5.13
8293,5.13
8294,5.13
8295,5.13
8296,5.13
8297,5.13
8298,5.13
8299,5.13
8300,5.13
8301,5.13
8302,5.13
8303,5.13
8304,5.13
8305,5.13
8306,5.13
8307,5.13
8308,5.14
8309,5.13
8310,5.13
8311,5.13
8312,5.13
8313,5.13
8314,5.13
8315,5.13
8316,5.13
8317,5.13
8318,5.13
8319,5.13
8320,5.13
8321,5.13
8322,5.13
8323,5.13
8324,5.13
8325,5.13
8326,5.13
8327,5.13
8328,5.13
8329,5.13
8330,5.13
8331,5.13
8332,5.13
8333,5.13
8334,5.13
8335,5.13
8336,5.13
8337,5.13
8338,5.13
8339,5.13
8340,5.13
8341,5.13
8342,5.13
8343,5.13
8344,5.13
8345,5.13
8346,5.13
8347,5.13
8348,5.13
8349,5.13
8350,5.13
8351,5.13
8352,5.13
8353,5.13
8354,5.13
8355,5.13
8356,5.13
8357,5.13
8358,5.13
8359,5.13
8360,5.13
8361,5.13
8362,5.13
8363,5.13
8364,5.13
8365,5.13
8366,5.13
8367,5.13
8368,5.13
8369,5.13
8370,5.13
8371,5.13
8372,5.13
8373,5.13
8374,5.13
8375,5.13
8376,5.13
8377,5.13
8378,5.13
8379,5.13
8380,5.13
8381,5.13
8382,5.13
8383,5.14
8384,5.13
8385,5.13
8386,5.13
8387,5.13
8388,5.13
8389,5.13
8390,5.13
8391,5.13
8392,5.13
8393,5.13
8394,5.13
8395,5.13
8396,5.13
8397,5.13
8398,5.13
8399,5.13
8400,5.13
8401,5.13
8402,5.13
8403,5.13
8404,5.13
8405,5.13
8406,5.13
8407,5.13
8408,5.13
8409,5.13
8410,5.13
8411,5.13
8412,5.13
8413,5.13
8414,5.13
8415,5.13
8416,5.13
8417,5.13
8418,5.13
8419,5.13
8420,5.13
8421,5.13
8422,5.13
8423,5.13
8424,5.13
8425,5.13
8426,5.13
8427,5.13
8428,5.13
8429,5.13
8430,5.13
8431,5.13
8432,5.13
8433,5.13
8434,5.13
8435,5.13
8436,5.13
8437,5.13
8438,5.13
8439,5.13
8440,5.13
8441,5.13
8442,5.13
8443,5.13
8444,5.14
8445,5.13
8446,5.13
8447,5.13
8448,5.13
8449,5.13
8450,5.13
8451,5.13
8452,5.13
8453,5.13
8454,5.14
8455,5.13
8456,5.13
8457,5.13
8458,5.13
8459,5.13
8460,5.13
8461,5.13
8462,5.13
8463,5.13
8464,5.13
8465,5.13
8466,5.13
8467,5.13
8468,5.13
8469,5.13
8470,5.13
8471,5.13
8472,5.13
8473,5.13
8474,5.13
8475,5.13
8476,5.13
8477,5.13
8478,5.13
8479,5.13
8480,5.13
8481,5.13
8482,5.13
8483,5.13
8484,5.14
8485,5.13
8486,5.13
8487,5.13
8488,5.13
8489,5.13
8490,5.13
8491,5.13
8492,5.13
8493,5.13
8494,5.13
8495,5.13
8496,5.13
8497,5.13
8498,5.13
8499,5.13
8500,5.13
8501,5.13
8502,5.13
8503,5.13
8504,5.13
8505,5.13
8506,5.13
8507,5.13
8508,5.13
8509,5.13
8510,5.13
8511,5.13
8512,5.13
8513,5.13
8514,5.13
8515,5.13
8516,5.13
8517,5.13
8518,5.13
8519,5.13
8520,5.13
8521,5.13
8522,5.13
8523,5.13
8524,5.13
8525,5.14
8526,5.13
8527,5.13
8528,5.13
8529,5.13
8530,5.13
8531,5.13
8532,5.13
8533,5.13
8534,5.13
8535,5.13
8536,5.13
8537,5.13
8538,5.13
8539,5.13
8540,5.13
8541,5.13
8542,5.13
8543,5.13
8544,5.13
8545,5.13
8546,5.13
8547,5.13
8548,5.13
8549,5.13
8550,5.13
8551,5.13
8552,5.13
8553,5.13
8554,5.13
8555,5.13
8556,5.13
8557,5.13
8558,5.13
8559,5.13
8560,5.13
8561,5.13
8562,5.13
8563,5.13
8564,5.13
8565,5.13
8566,5.13
8567,5.13
8568,5.13
8569,5.13
8570,5.13
8571,5.13
8572,5.13
8573,5.13
8574,5.13
8575,5.13
8576,5.13
8577,5.13
8578,5.13
8579,5.13
8580,5.13
8581,5.13
8582,5.13
8583,5.13
8584,5.13
8585,5.13
8586,5.13
8587,5.13
8588,5.13
8589,5.13
8590,5.13
8591,5.13
8592,5.14
8593,5.13
8594,5.13
8595,5.13
8596,5.13
8597,5.13
8598,5.13
8599,5.13
8600,5.13
8601,5.13
8602,5.14
8603,5.13
8604,5.13
8605,5.13
8606,5.13
8607,5.13
8608,5.13
8609,5.13
8610,5.13
8611,5.13
8612,5.13
8613,5.13
8614,5.13
8615,5.13
8616,5.13
8617,5.13
8618,5.13
8619,5.13
8620,5.13
8621,5.13
8622,5.13
8623,5.13
8624,5.13
8625,5.13
8626,5.13
8627,5.13
8628,5.13
8629,5.13
8630,5.13
8631,5.13
8632,5.13
8633,5.13
8634,5.13
8635,5.13
8636,5.13
8637,5.13
8638,5.13
8639,5.13
8640,5.13
8641,5.13
8642,5.13
8643,5.13
8644,5.13
8645,5.13
8646,5.13
8647,5.13
8648,5.13
8649,5.13
8650,5.13
8651,5.13
8652,5.13
8653,5.13
8654,5.13
8655,5.13
8656,5.13
8657,5.13
8658,5.13
8659,5.13
8660,5.13
8661,5.13
8662,5.13
8663,5.13
8664,5.13
8665,5.13
8666,5.13
8667,5.13
8668,5.13
8669,5.13
8670,5.13
8671,5.13
8672,5.13
8673,5.13
8674,5.13
8675,5.13
8676,5.13
8677,5.13
8678,5.13
8679,5.13
8680,5.13
8681,5.13
8682,5.13
8683,5.13
8684,5.13
8685,5.13
8686,5.13
8687,5.13
8688,5.13
8689,5.13
8690,5.13
8691,5.14
8692,5.13
8693,5.13
8694,5.13
8695,5.13
8696,5.13
8697,5.13
8698,5.13
8699,5.13
8700,5.13
8701,5.13
8702,5.13
8703,5.13
8704,5.13
8705,5.13
8706,5.13
8707,5.13
8708,5.13
8709,5.13
8710,5.13
8711,5.13
8712,5.13
8713,5.13
8714,5.13
8715,5.13
8716,5.13
8717,5.13
8718,5.13
8719,5.13
8720,5.13
8721,5.13
8722,5.13
8723,5.13
8724,5.13
8725,5.13
8726,5.13
8727,5.13
8728,5.13
8729,5.13
8730,5.13
8731,5.13
8732,5.13
8733,5.13
8734,5.13
8735,5.13
8736,5.13
8737,5.13
8738,5.13
8739,5.13
8740,5.13
8741,5.13
8742,5.13
8743,5.13
8744,5.13
8745,5.13
8746,5.13
8747,5.13
8748,5.13
8749,5.13
8750,5.13
8751,5.13
8752,5.13
8753,5.13
8754,5.13
8755,5.13
8756,5.13
8757,5.13
8758,5.13
8759,5.13
8760,5.13
8761,5.13
8762,5.13
8763,5.13
8764,5.13
8765,5.13
8766,5.13
8767,5.13
8768,5.13
8769,5.13
8770,5.13
8771,5.13
8772,5.13
8773,5.13
8774,5.13
8775,5.13
8776,5.13
8777,5.13
8778,5.13
8779,5.13
8780,5.13
8781,5.13
8782,5.13
8783,5.13
8784,5.13
8785,5.13
8786,5.13
8787,5.13
8788,5.13
8789,5.13
8790,5.13
8791,5.13
8792,5.13
8793,5.13
8794,5.13
8795,5.13
8796,5.13
8797,5.13
8798,5.13
8799,5.13
8800,5.13
8801,5.13
8802,5.13
8803,5.13
8804,5.13
8805,5.13
8806,5.13
8807,5.13
8808,5.13
8809,5.13
8810,5.13
8811,5.13
8812,5.13
8813,5.13
8814,5.13
8815,5.13
8816,5.13
8817,5.13
8818,5.13
8819,5.13
8820,5.13
8821,5.13
8822,5.13
8823,5.13
8824,5.13
8825,5.13
8826,5.13
8827,5.13
8828,5.13
8829,5.13
8830,5.13
8831,5.13
8832,5.13
8833,5.13
8834,5.13
8835,5.13
8836,5.13
8837,5.13
8838,5.13
8839,5.13
8840,5.13
8841,5.13
8842,5.13
8843,5.13
8844,5.13
8845,5.13
8846,5.13
8847,5.13
8848,5.13
8849,5.13
8850,5.13
8851,5.13
8852,5.13
8853,5.13
8854,5.13
8855,5.13
8856,5.13
8857,5.13
8858,5.13
8859,5.13
8860,5.13
8861,5.13
8862,5.13
8863,5.13
8864,5.13
8865,5.13
8866,5.13
8867,5.13
8868,5.13
8869,5.13
8870,5.13
8871,5.13
8872,5.13
8873,5.13
8874,5.13
8875,5.13
8876,5.13
8877,5.13
8878,5.13
8879,5.13
