Read times - Current graph,Current(A) - Current graph
0,0.173
1,0.172
2,0.161
3,0.172
4,0.162
5,0.25
6,0.176
7,0.203
8,0.161
9,0.173
10,0.162
11,0.196
12,0.172
13,0.21
14,0.161
15,0.172
16,0.162
17,0.162
18,0.161
19,0.163
20,0.173
21,0.172
22,0.162
23,0.161
24,0.179
25,0.174
26,0.172
27,0.161
28,0.161
29,0.174
30,0.172
31,0.162
32,0.162
33,0.162
34,0.161
35,0.172
36,0.173
37,0.162
38,0.172
39,0.171
40,0.171
41,0.172
42,0.162
43,0.208
44,0.172
45,0.179
46,0.161
47,0.161
48,0.161
49,0.172
50,0.172
51,0.181
52,0.161
53,0.169
54,0.18
55,0.172
56,0.171
57,0.161
58,0.177
59,0.173
60,0.162
61,0.162
62,0.172
63,0.16
64,0.172
65,0.173
66,0.161
67,0.161
68,0.173
69,0.161
70,0.173
71,0.161
72,0.161
73,0.176
74,0.181
75,0.161
76,0.161
77,0.161
78,0.16
79,0.172
80,0.161
81,0.161
82,0.18
83,0.174
84,0.161
85,0.171
86,0.161
87,0.161
88,0.182
89,0.161
90,0.161
91,0.187
92,0.162
93,0.172
94,0.18
95,0.171
96,0.161
97,0.176
98,0.162
99,0.161
100,0.161
101,0.161
102,0.171
103,0.19
104,0.161
105,0.162
106,0.175
107,0.161
108,0.172
109,0.172
110,0.162
111,0.181
112,0.171
113,0.161
114,0.163
115,0.161
116,0.161
117,0.178
118,0.171
119,0.161
120,0.161
121,0.171
122,0.181
123,0.172
124,0.161
125,0.16
126,0.175
127,0.177
128,0.163
129,0.176
130,0.16
131,0.177
132,0.173
133,0.164
134,0.162
135,0.171
136,0.171
137,0.179
138,0.162
139,0.162
140,0.161
141,0.173
142,0.162
143,0.162
144,0.162
145,0.163
146,0.173
147,0.181
148,0.161
149,0.162
150,0.171
151,0.181
152,0.176
153,0.161
154,0.162
155,0.172
156,0.173
157,0.161
158,0.162
159,0.161
160,0.175
161,0.183
162,0.163
163,0.161
164,0.172
165,0.161
166,0.172
167,0.178
168,0.161
169,0.161
170,0.172
171,0.158
172,0.188
173,0.16
174,0.161
175,0.181
176,0.172
177,0.162
178,0.226
179,0.181
180,0.161
181,0.172
182,0.162
183,0.161
184,0.172
185,0.18
186,0.161
187,0.172
188,0.166
189,0.161
190,0.172
191,0.161
192,0.162
193,0.181
194,0.166
195,0.181
196,0.173
197,0.161
198,0.161
199,0.172
200,0.174
201,0.162
202,0.161
203,0.161
204,0.173
205,0.186
206,0.162
207,0.162
208,0.179
209,0.162
210,0.172
211,0.177
212,0.162
213,0.173
214,0.172
215,0.162
216,0.162
217,0.162
218,0.162
219,0.172
220,0.177
221,0.162
222,0.181
223,0.172
224,0.182
225,0.172
226,0.162
227,0.161
228,0.18
229,0.172
230,0.162
231,0.181
232,0.162
233,0.178
234,0.181
235,0.162
236,0.164
237,0.18
238,0.172
239,0.179
240,0.177
241,0.162
242,0.172
243,0.177
244,0.162
245,0.162
246,0.162
247,0.162
248,0.177
249,0.189
250,0.162
251,0.158
252,0.177
253,0.163
254,0.177
255,0.162
256,0.162
257,0.172
258,0.245
259,0.162
260,0.173
261,0.164
262,0.164
263,0.173
264,0.168
265,0.162
266,0.176
267,0.181
268,0.173
269,0.172
270,0.162
271,0.162
272,0.173
273,0.172
274,0.163
275,0.162
276,0.162
277,0.177
278,0.176
279,0.162
280,0.163
281,0.175
282,0.162
283,0.173
284,0.173
285,0.162
286,0.18
287,0.173
288,0.162
289,0.162
290,0.162
291,0.163
292,0.176
293,0.185
294,0.162
295,0.173
296,0.173
297,0.172
298,0.183
299,0.162
300,0.162
301,0.173
302,0.173
303,0.162
304,0.162
305,0.162
306,0.176
307,0.177
308,0.163
309,0.162
310,0.169
311,0.172
312,0.172
313,0.173
314,0.163
315,0.162
316,0.172
317,0.163
318,0.183
319,0.162
320,0.162
321,0.176
322,0.172
323,0.162
324,0.163
325,0.176
326,0.173
327,0.169
328,0.162
329,0.161
330,0.176
331,0.174
332,0.162
333,0.162
334,0.162
335,0.162
336,0.173
337,0.162
338,0.162
339,0.172
340,0.172
341,0.181
342,0.172
343,0.162
344,0.162
345,0.172
346,0.172
347,0.162
348,0.162
349,0.162
350,0.18
351,0.172
352,0.162
353,0.162
354,0.176
355,0.199
356,0.172
357,0.161
358,0.162
359,0.172
360,0.181
361,0.163
362,0.162
363,0.161
364,0.161
365,0.173
366,0.176
367,0.162
368,0.172
369,0.172
370,0.181
371,0.184
372,0.162
373,0.16
374,0.173
375,0.171
376,0.162
377,0.162
378,0.163
379,0.173
380,0.172
381,0.162
382,0.162
383,0.177
384,0.172
385,0.175
386,0.173
387,0.161
388,0.162
389,0.181
390,0.162
391,0.162
392,0.162
393,0.162
394,0.18
395,0.178
396,0.164
397,0.172
398,0.172
399,0.173
400,0.179
401,0.164
402,0.162
403,0.184
404,0.179
405,0.162
406,0.162
407,0.162
408,0.178
409,0.176
410,0.164
411,0.162
412,0.172
413,0.176
414,0.173
415,0.179
416,0.162
417,0.162
418,0.173
419,0.173
420,0.162
421,0.171
422,0.161
423,0.181
424,0.183
425,0.162
426,0.162
427,0.18
428,0.179
429,0.174
430,0.172
431,0.192
432,0.176
433,0.172
434,0.163
435,0.162
436,0.163
437,0.162
438,0.172
439,0.172
440,0.162
441,0.173
442,0.172
443,0.162
444,0.181
445,0.163
446,0.162
447,0.174
448,0.175
449,0.162
450,0.162
451,0.162
452,0.181
453,0.173
454,0.162
455,0.162
456,0.171
457,0.174
458,0.175
459,0.172
460,0.161
461,0.173
462,0.174
463,0.162
464,0.17
465,0.162
466,0.162
467,0.173
468,0.181
469,0.162
470,0.164
471,0.176
472,0.171
473,0.172
474,0.162
475,0.162
476,0.176
477,0.173
478,0.161
479,0.161
480,0.162
481,0.162
482,0.173
483,0.162
484,0.161
485,0.174
486,0.177
487,0.172
488,0.176
489,0.162
490,0.162
491,0.172
492,0.173
493,0.162
494,0.163
495,0.162
496,0.171
497,0.172
498,0.158
499,0.162
500,0.172
501,0.172
502,0.173
503,0.172
504,0.162
505,0.173
506,0.172
507,0.161
508,0.162
509,0.162
510,0.162
511,0.172
512,0.172
513,0.162
514,0.162
515,0.173
516,0.174
517,0.172
518,0.161
519,0.162
520,0.173
521,0.172
522,0.162
523,0.162
524,0.162
525,0.174
526,0.174
527,0.162
528,0.163
529,0.177
530,0.172
531,0.176
532,0.174
533,0.162
534,0.163
535,0.173
536,0.161
537,0.162
538,0.162
539,0.162
540,0.173
541,0.174
542,0.162
543,0.162
544,0.174
545,0.173
546,0.173
547,0.161
548,0.162
549,0.176
550,0.181
551,0.162
552,0.162
553,0.162
554,0.162
555,0.181
556,0.162
557,0.164
558,0.177
559,0.169
560,0.172
561,0.174
562,0.162
563,0.162
564,0.178
565,0.162
566,0.162
567,0.162
568,0.162
569,0.172
570,0.182
571,0.162
572,0.162
573,0.173
574,0.162
575,0.175
576,0.163
577,0.161
578,0.172
579,0.176
580,0.162
581,0.173
582,0.161
583,0.162
584,0.173
585,0.174
586,0.162
587,0.173
588,0.162
589,0.17
590,0.173
591,0.162
592,0.163
593,0.179
594,0.162
595,0.164
596,0.162
597,0.162
598,0.175
599,0.18
600,0.162
601,0.162
602,0.172
603,0.162
604,0.178
605,0.175
606,0.162
607,0.171
608,0.173
609,0.162
610,0.172
611,0.162
612,0.162
613,0.177
614,0.173
615,0.162
616,0.163
617,0.162
618,0.172
619,0.173
620,0.22
621,0.162
622,0.173
623,0.172
624,0.169
625,0.172
626,0.183
627,0.173
628,0.173
629,0.163
630,0.162
631,0.172
632,0.163
633,0.174
634,0.173
635,0.162
636,0.172
637,0.173
638,0.163
639,0.177
640,0.162
641,0.163
642,0.175
643,0.175
644,0.163
645,0.163
646,0.162
647,0.172
648,0.173
649,0.162
650,0.163
651,0.182
652,0.179
653,0.162
654,0.172
655,0.163
656,0.16
657,0.173
658,0.162
659,0.163
660,0.172
661,0.162
662,0.173
663,0.173
664,0.163
665,0.162
666,0.175
667,0.173
668,0.176
669,0.163
670,0.162
671,0.177
672,0.172
673,0.16
674,0.163
675,0.16
676,0.162
677,0.178
678,0.163
679,0.162
680,0.173
681,0.177
682,0.173
683,0.18
684,0.162
685,0.162
686,0.177
687,0.175
688,0.162
689,0.162
690,0.163
691,0.174
692,0.175
693,0.162
694,0.162
695,0.173
696,0.18
697,0.173
698,0.173
699,0.162
700,0.233
701,0.172
702,0.163
703,0.163
704,0.162
705,0.162
706,0.174
707,0.183
708,0.162
709,0.162
710,0.181
711,0.176
712,0.175
713,0.162
714,0.162
715,0.177
716,0.182
717,0.162
718,0.162
719,0.162
720,0.173
721,0.174
722,0.162
723,0.162
724,0.172
725,0.162
726,0.176
727,0.173
728,0.162
729,0.163
730,0.173
731,0.163
732,0.162
733,0.162
734,0.162
735,0.174
736,0.179
737,0.162
738,0.195
739,0.172
740,0.175
741,0.172
742,0.162
743,0.188
744,0.174
745,0.173
746,0.172
747,0.173
748,0.162
749,0.162
750,0.181
751,0.162
752,0.162
753,0.176
754,0.162
755,0.181
756,0.173
757,0.162
758,0.162
759,0.173
760,0.173
761,0.181
762,0.162
763,0.162
764,0.171
765,0.172
766,0.167
767,0.162
768,0.162
769,0.162
770,0.179
771,0.172
772,0.189
773,0.177
774,0.179
775,0.162
776,0.179
777,0.162
778,0.162
779,0.172
780,0.172
781,0.162
782,0.172
783,0.162
784,0.179
785,0.18
786,0.162
787,0.162
788,0.172
789,0.175
790,0.172
791,0.162
792,0.162
793,0.181
794,0.181
795,0.162
796,0.162
797,0.162
798,0.162
799,0.192
800,0.172
801,0.163
802,0.161
803,0.175
804,0.174
805,0.181
806,0.162
807,0.162
808,0.174
809,0.17
810,0.162
811,0.223
812,0.165
813,0.162
814,0.18
815,0.162
816,0.162
817,0.178
818,0.172
819,0.173
820,0.18
821,0.162
822,0.162
823,0.179
824,0.162
825,0.164
826,0.162
827,0.163
828,0.173
829,0.188
830,0.162
831,0.163
832,0.173
833,0.173
834,0.178
835,0.163
836,0.162
837,0.175
838,0.178
839,0.163
840,0.162
841,0.19
842,0.162
843,0.181
844,0.162
845,0.162
846,0.173
847,0.18
848,0.178
849,0.182
850,0.19
851,0.162
852,0.176
853,0.182
854,0.162
855,0.162
856,0.162
857,0.182
858,0.174
859,0.162
860,0.162
861,0.172
862,0.162
863,0.18
864,0.164
865,0.162
866,0.172
867,0.172
868,0.162
869,0.163
870,0.162
871,0.162
872,0.174
873,0.174
874,0.163
875,0.173
876,0.172
877,0.18
878,0.181
879,0.162
880,0.162
881,0.173
882,0.173
883,0.162
884,0.173
885,0.161
886,0.199
887,0.173
888,0.162
889,0.162
890,0.173
891,0.162
892,0.173
893,0.173
894,0.162
895,0.174
896,0.173
897,0.162
898,0.163
899,0.162
900,0.162
901,0.172
902,0.173
903,0.164
904,0.162
905,0.181
906,0.173
907,0.176
908,0.162
909,0.162
910,0.177
911,0.173
912,0.162
913,0.175
914,0.162
915,0.182
916,0.174
917,0.162
918,0.162
919,0.173
920,0.163
921,0.201
922,0.173
923,0.162
924,0.162
925,0.172
926,0.176
927,0.162
928,0.162
929,0.162
930,0.173
931,0.182
932,0.163
933,0.162
934,0.177
935,0.162
936,0.175
937,0.181
938,0.162
939,0.179
940,0.181
941,0.159
942,0.173
943,0.163
944,0.162
945,0.176
946,0.173
947,0.162
948,0.182
949,0.165
950,0.181
951,0.172
952,0.162
953,0.162
954,0.173
955,0.172
956,0.173
957,0.174
958,0.164
959,0.175
960,0.175
961,0.165
962,0.164
963,0.172
964,0.162
965,0.174
966,0.175
967,0.162
968,0.181
969,0.173
970,0.163
971,0.176
972,0.162
973,0.162
974,0.188
975,0.173
976,0.162
977,0.163
978,0.162
979,0.172
980,0.173
981,0.165
982,0.162
983,0.173
984,0.172
985,0.18
986,0.173
987,0.162
988,0.177
989,0.182
990,0.162
991,0.162
992,0.162
993,0.162
994,0.175
995,0.172
996,0.162
997,0.162
998,0.173
999,0.162
1000,0.174
1001,0.162
1002,0.162
1003,0.172
1004,0.175
1005,0.162
1006,0.159
1007,0.162
1008,0.173
1009,0.177
1010,0.162
1011,0.163
1012,0.179
1013,0.172
1014,0.173
1015,0.174
1016,0.162
1017,0.161
1018,0.18
1019,0.162
1020,0.183
1021,0.163
1022,0.161
1023,0.17
1024,0.172
1025,0.161
1026,0.162
1027,0.172
1028,0.172
1029,0.173
1030,0.161
1031,0.216
1032,0.173
1033,0.174
1034,0.162
1035,0.163
1036,0.162
1037,0.162
1038,0.174
1039,0.162
1040,0.161
1041,0.173
1042,0.175
1043,0.172
1044,0.174
1045,0.162
1046,0.162
1047,0.182
1048,0.172
1049,0.162
1050,0.162
1051,0.162
1052,0.182
1053,0.186
1054,0.162
1055,0.162
1056,0.173
1057,0.162
1058,0.18
1059,0.176
1060,0.162
1061,0.18
1062,0.173
1063,0.163
1064,0.173
1065,0.162
1066,0.162
1067,0.179
1068,0.174
1069,0.162
1070,0.162
1071,0.162
1072,0.179
1073,0.172
1074,0.162
1075,0.162
1076,0.177
1077,0.173
1078,0.169
1079,0.174
1080,0.168
1081,0.173
1082,0.173
1083,0.162
1084,0.163
1085,0.179
1086,0.162
1087,0.173
1088,0.182
1089,0.162
1090,0.183
1091,0.172
1092,0.162
1093,0.173
1094,0.162
1095,0.162
1096,0.183
1097,0.172
1098,0.162
1099,0.162
1100,0.162
1101,0.174
1102,0.18
1103,0.162
1104,0.162
1105,0.174
1106,0.173
1107,0.173
1108,0.173
1109,0.161
1110,0.16
1111,0.173
1112,0.162
1113,0.163
1114,0.161
1115,0.162
1116,0.173
1117,0.173
1118,0.204
1119,0.162
1120,0.174
1121,0.162
1122,0.173
1123,0.162
1124,0.17
1125,0.173
1126,0.176
1127,0.163
1128,0.163
1129,0.162
1130,0.163
1131,0.205
1132,0.162
1133,0.162
1134,0.18
1135,0.173
1136,0.182
1137,0.178
1138,0.163
1139,0.162
1140,0.181
1141,0.174
1142,0.163
1143,0.163
1144,0.163
1145,0.173
1146,0.173
1147,0.163
1148,0.163
1149,0.175
1150,0.163
1151,0.176
1152,0.164
1153,0.164
1154,0.18
1155,0.177
1156,0.163
1157,0.163
1158,0.162
1159,0.163
1160,0.174
1161,0.18
1162,0.163
1163,0.182
1164,0.178
1165,0.187
1166,0.175
1167,0.162
1168,0.162
1169,0.173
1170,0.173
1171,0.163
1172,0.173
1173,0.164
1174,0.177
1175,0.183
1176,0.163
1177,0.163
1178,0.173
1179,0.163
1180,0.179
1181,0.175
1182,0.163
1183,0.173
1184,0.176
1185,0.164
1186,0.163
1187,0.163
1188,0.163
1189,0.176
1190,0.178
1191,0.163
1192,0.164
1193,0.178
1194,0.174
1195,0.173
1196,0.163
1197,0.163
1198,0.173
1199,0.182
1200,0.162
1201,0.182
1202,0.163
1203,0.162
1204,0.182
1205,0.162
1206,0.163
1207,0.182
1208,0.161
1209,0.173
1210,0.177
1211,0.162
1212,0.162
1213,0.178
1214,0.162
1215,0.178
1216,0.162
1217,0.164
1218,0.177
1219,0.175
1220,0.163
1221,0.163
1222,0.173
1223,0.163
1224,0.183
1225,0.163
1226,0.162
1227,0.179
1228,0.174
1229,0.162
1230,0.18
1231,0.162
1232,0.162
1233,0.184
1234,0.165
1235,0.163
1236,0.172
1237,0.162
1238,0.189
1239,0.176
1240,0.178
1241,0.163
1242,0.176
1243,0.173
1244,0.173
1245,0.162
1246,0.162
1247,0.18
1248,0.173
1249,0.163
1250,0.163
1251,0.172
1252,0.161
1253,0.173
1254,0.162
1255,0.172
1256,0.176
1257,0.171
1258,0.163
1259,0.178
1260,0.163
1261,0.164
1262,0.184
1263,0.173
1264,0.163
1265,0.174
1266,0.162
1267,0.174
1268,0.177
1269,0.163
1270,0.163
1271,0.174
1272,0.175
1273,0.173
1274,0.173
1275,0.162
1276,0.18
1277,0.174
1278,0.163
1279,0.163
1280,0.164
1281,0.162
1282,0.174
1283,0.181
1284,0.162
1285,0.177
1286,0.174
1287,0.163
1288,0.175
1289,0.163
1290,0.163
1291,0.184
1292,0.173
1293,0.162
1294,0.163
1295,0.163
1296,0.175
1297,0.18
1298,0.163
1299,0.163
1300,0.175
1301,0.181
1302,0.174
1303,0.18
1304,0.162
1305,0.163
1306,0.182
1307,0.162
1308,0.162
1309,0.173
1310,0.162
1311,0.181
1312,0.182
1313,0.163
1314,0.204
1315,0.173
1316,0.173
1317,0.174
1318,0.163
1319,0.163
1320,0.189
1321,0.175
1322,0.163
1323,0.163
1324,0.162
1325,0.162
1326,0.172
1327,0.163
1328,0.163
1329,0.172
1330,0.175
1331,0.177
1332,0.178
1333,0.162
1334,0.163
1335,0.178
1336,0.175
1337,0.163
1338,0.172
1339,0.162
1340,0.174
1341,0.176
1342,0.163
1343,0.162
1344,0.179
1345,0.238
1346,0.18
1347,0.175
1348,0.163
1349,0.193
1350,0.198
1351,0.163
1352,0.163
1353,0.163
1354,0.163
1355,0.189
1356,0.181
1357,0.162
1358,0.175
1359,0.181
1360,0.163
1361,0.176
1362,0.163
1363,0.164
1364,0.174
1365,0.174
1366,0.162
1367,0.162
1368,0.164
1369,0.174
1370,0.174
1371,0.162
1372,0.163
1373,0.179
1374,0.173
1375,0.174
1376,0.182
1377,0.162
1378,0.163
1379,0.173
1380,0.165
1381,0.163
1382,0.162
1383,0.162
1384,0.182
1385,0.178
1386,0.183
1387,0.163
1388,0.174
1389,0.174
1390,0.179
1391,0.162
1392,0.161
1393,0.172
1394,0.173
1395,0.163
1396,0.162
1397,0.164
1398,0.162
1399,0.174
1400,0.163
1401,0.163
1402,0.174
1403,0.173
1404,0.174
1405,0.174
1406,0.163
1407,0.163
1408,0.174
1409,0.173
1410,0.164
1411,0.159
1412,0.163
1413,0.174
1414,0.174
1415,0.164
1416,0.163
1417,0.176
1418,0.164
1419,0.173
1420,0.163
1421,0.163
1422,0.173
1423,0.231
1424,0.164
1425,0.163
1426,0.164
1427,0.163
1428,0.17
1429,0.185
1430,0.164
1431,0.174
1432,0.174
1433,0.18
1434,0.176
1435,0.163
1436,0.164
1437,0.183
1438,0.213
1439,0.163
1440,0.164
1441,0.163
1442,0.178
1443,0.183
1444,0.164
1445,0.164
1446,0.178
1447,0.163
1448,0.174
1449,0.18
1450,0.163
1451,0.174
1452,0.18
1453,0.163
1454,0.163
1455,0.162
1456,0.16
1457,0.182
1458,0.181
1459,0.163
1460,0.163
1461,0.18
1462,0.173
1463,0.175
1464,0.163
1465,0.164
1466,0.174
1467,0.174
1468,0.163
1469,0.174
1470,0.173
1471,0.176
1472,0.177
1473,0.162
1474,0.164
1475,0.173
1476,0.184
1477,0.174
1478,0.174
1479,0.163
1480,0.164
1481,0.174
1482,0.164
1483,0.164
1484,0.163
1485,0.164
1486,0.176
1487,0.184
1488,0.164
1489,0.162
1490,0.173
1491,0.174
1492,0.174
1493,0.163
1494,0.164
1495,0.174
1496,0.174
1497,0.175
1498,0.174
1499,0.164
1500,0.164
1501,0.175
1502,0.164
1503,0.163
1504,0.174
1505,0.163
1506,0.175
1507,0.18
1508,0.162
1509,0.163
1510,0.176
1511,0.174
1512,0.164
1513,0.163
1514,0.163
1515,0.174
1516,0.192
1517,0.163
1518,0.163
1519,0.177
1520,0.164
1521,0.175
1522,0.163
1523,0.164
1524,0.174
1525,0.177
1526,0.163
1527,0.176
1528,0.163
1529,0.164
1530,0.183
1531,0.174
1532,0.164
1533,0.18
1534,0.163
1535,0.174
1536,0.183
1537,0.163
1538,0.163
1539,0.18
1540,0.2
1541,0.161
1542,0.175
1543,0.163
1544,0.174
1545,0.174
1546,0.163
1547,0.164
1548,0.174
1549,0.163
1550,0.175
1551,0.177
1552,0.163
1553,0.178
1554,0.173
1555,0.163
1556,0.179
1557,0.163
1558,0.163
1559,0.173
1560,0.18
1561,0.163
1562,0.163
1563,0.163
1564,0.174
1565,0.179
1566,0.163
1567,0.164
1568,0.174
1569,0.173
1570,0.164
1571,0.173
1572,0.162
1573,0.164
1574,0.177
1575,0.163
1576,0.163
1577,0.173
1578,0.162
1579,0.18
1580,0.181
1581,0.163
1582,0.163
1583,0.174
1584,0.253
1585,0.174
1586,0.163
1587,0.163
1588,0.174
1589,0.174
1590,0.165
1591,0.163
1592,0.163
1593,0.162
1594,0.178
1595,0.163
1596,0.163
1597,0.175
1598,0.173
1599,0.162
1600,0.174
1601,0.163
1602,0.163
1603,0.191
1604,0.163
1605,0.162
1606,0.173
1607,0.163
1608,0.176
1609,0.174
1610,0.163
1611,0.163
1612,0.173
1613,0.174
1614,0.174
1615,0.163
1616,0.163
1617,0.181
1618,0.173
1619,0.163
1620,0.165
1621,0.173
1622,0.163
1623,0.174
1624,0.173
1625,0.163
1626,0.174
1627,0.173
1628,0.163
1629,0.173
1630,0.163
1631,0.163
1632,0.174
1633,0.175
1634,0.162
1635,0.173
1636,0.162
1637,0.173
1638,0.173
1639,0.167
1640,0.163
1641,0.174
1642,0.175
1643,0.173
1644,0.174
1645,0.163
1646,0.174
1647,0.173
1648,0.163
1649,0.164
1650,0.17
1651,0.163
1652,0.177
1653,0.174
1654,0.163
1655,0.164
1656,0.187
1657,0.164
1658,0.175
1659,0.164
1660,0.167
1661,0.173
1662,0.183
1663,0.163
1664,0.163
1665,0.163
1666,0.175
1667,0.176
1668,0.162
1669,0.163
1670,0.173
1671,0.173
1672,0.173
1673,0.173
1674,0.163
1675,0.178
1676,0.173
1677,0.172
1678,0.163
1679,0.164
1680,0.163
1681,0.207
1682,0.183
1683,0.163
1684,0.163
1685,0.181
1686,0.163
1687,0.174
1688,0.163
1689,0.163
1690,0.179
1691,0.182
1692,0.163
1693,0.162
1694,0.176
1695,0.162
1696,0.182
1697,0.163
1698,0.163
1699,0.174
1700,0.175
1701,0.174
1702,0.183
1703,0.163
1704,0.163
1705,0.182
1706,0.177
1707,0.164
1708,0.163
1709,0.162
1710,0.173
1711,0.177
1712,0.163
1713,0.163
1714,0.173
1715,0.173
1716,0.177
1717,0.162
1718,0.163
1719,0.173
1720,0.173
1721,0.163
1722,0.163
1723,0.163
1724,0.163
1725,0.173
1726,0.174
1727,0.163
1728,0.176
1729,0.181
1730,0.181
1731,0.174
1732,0.163
1733,0.164
1734,0.175
1735,0.174
1736,0.163
1737,0.162
1738,0.163
1739,0.18
1740,0.182
1741,0.163
1742,0.163
1743,0.173
1744,0.176
1745,0.173
1746,0.182
1747,0.163
1748,0.173
1749,0.18
1750,0.163
1751,0.163
1752,0.162
1753,0.163
1754,0.176
1755,0.185
1756,0.163
1757,0.163
1758,0.173
1759,0.173
1760,0.182
1761,0.163
1762,0.163
1763,0.176
1764,0.173
1765,0.163
1766,0.175
1767,0.163
1768,0.174
1769,0.173
1770,0.163
1771,0.163
1772,0.174
1773,0.173
1774,0.174
1775,0.177
1776,0.163
1777,0.163
1778,0.178
1779,0.163
1780,0.163
1781,0.163
1782,0.163
1783,0.173
1784,0.186
1785,0.164
1786,0.175
1787,0.173
1788,0.163
1789,0.176
1790,0.163
1791,0.163
1792,0.174
1793,0.174
1794,0.163
1795,0.173
1796,0.162
1797,0.165
1798,0.174
1799,0.163
1800,0.163
1801,0.174
1802,0.163
1803,0.179
1804,0.18
1805,0.221
1806,0.164
1807,0.173
1808,0.173
1809,0.163
1810,0.163
1811,0.163
1812,0.182
1813,0.184
1814,0.163
1815,0.163
1816,0.174
1817,0.163
1818,0.174
1819,0.174
1820,0.164
1821,0.174
1822,0.174
1823,0.164
1824,0.174
1825,0.158
1826,0.164
1827,0.176
1828,0.18
1829,0.163
1830,0.173
1831,0.165
1832,0.175
1833,0.177
1834,0.164
1835,0.164
1836,0.174
1837,0.173
1838,0.163
1839,0.163
1840,0.163
1841,0.163
1842,0.184
1843,0.163
1844,0.163
1845,0.173
1846,0.162
1847,0.173
1848,0.173
1849,0.162
1850,0.163
1851,0.179
1852,0.163
1853,0.174
1854,0.163
1855,0.163
1856,0.174
1857,0.174
1858,0.163
1859,0.163
1860,0.167
1861,0.163
1862,0.174
1863,0.164
1864,0.164
1865,0.232
1866,0.174
1867,0.207
1868,0.174
1869,0.163
1870,0.164
1871,0.182
1872,0.163
1873,0.163
1874,0.174
1875,0.163
1876,0.177
1877,0.173
1878,0.164
1879,0.164
1880,0.174
1881,0.174
1882,0.177
1883,0.163
1884,0.164
1885,0.174
1886,0.173
1887,0.164
1888,0.166
1889,0.163
1890,0.163
1891,0.173
1892,0.164
1893,0.164
1894,0.173
1895,0.207
1896,0.163
1897,0.175
1898,0.163
1899,0.163
1900,0.184
1901,0.183
1902,0.163
1903,0.164
1904,0.163
1905,0.177
1906,0.174
1907,0.164
1908,0.164
1909,0.175
1910,0.173
1911,0.164
1912,0.183
1913,0.163
1914,0.174
1915,0.197
1916,0.163
1917,0.163
1918,0.173
1919,0.162
1920,0.182
1921,0.182
1922,0.162
1923,0.164
1924,0.175
1925,0.163
1926,0.176
1927,0.163
1928,0.164
1929,0.182
1930,0.176
1931,0.163
1932,0.163
1933,0.161
1934,0.163
1935,0.176
1936,0.164
1937,0.163
1938,0.176
1939,0.187
1940,0.164
1941,0.183
1942,0.164
1943,0.164
1944,0.177
1945,0.176
1946,0.164
1947,0.174
1948,0.163
1949,0.174
1950,0.173
1951,0.163
1952,0.163
1953,0.174
1954,0.174
1955,0.177
1956,0.163
1957,0.163
1958,0.177
1959,0.174
1960,0.163
1961,0.183
1962,0.163
1963,0.163
1964,0.174
1965,0.182
1966,0.163
1967,0.173
1968,0.179
1969,0.163
1970,0.175
1971,0.164
1972,0.163
1973,0.175
1974,0.182
1975,0.164
1976,0.163
1977,0.162
1978,0.211
1979,0.175
1980,0.163
1981,0.163
1982,0.174
1983,0.175
1984,0.174
1985,0.174
1986,0.164
1987,0.165
1988,0.173
1989,0.163
1990,0.163
1991,0.163
1992,0.163
1993,0.173
1994,0.182
1995,0.163
1996,0.173
1997,0.173
1998,0.165
1999,0.174
2000,0.162
2001,0.163
2002,0.189
2003,0.173
2004,0.168
2005,0.163
2006,0.163
2007,0.174
2008,0.174
2009,0.163
2010,0.163
2011,0.173
2012,0.174
2013,0.174
2014,0.174
2015,0.174
2016,0.164
2017,0.175
2018,0.163
2019,0.169
2020,0.171
2021,0.162
2022,0.175
2023,0.18
2024,0.163
2025,0.164
2026,0.174
2027,0.163
2028,0.177
2029,0.164
2030,0.165
2031,0.191
2032,0.177
2033,0.163
2034,0.163
2035,0.162
2036,0.163
2037,0.173
2038,0.162
2039,0.163
2040,0.173
2041,0.173
2042,0.178
2043,0.173
2044,0.163
2045,0.173
2046,0.174
2047,0.174
2048,0.162
2049,0.163
2050,0.162
2051,0.174
2052,0.174
2053,0.163
2054,0.164
2055,0.179
2056,0.173
2057,0.177
2058,0.163
2059,0.159
2060,0.175
2061,0.176
2062,0.163
2063,0.163
2064,0.163
2065,0.162
2066,0.176
2067,0.189
2068,0.163
2069,0.173
2070,0.173
2071,0.173
2072,0.172
2073,0.162
2074,0.163
2075,0.173
2076,0.18
2077,0.163
2078,0.175
2079,0.163
2080,0.174
2081,0.185
2082,0.164
2083,0.163
2084,0.176
2085,0.162
2086,0.173
2087,0.185
2088,0.163
2089,0.173
2090,0.174
2091,0.163
2092,0.174
2093,0.162
2094,0.163
2095,0.173
2096,0.172
2097,0.163
2098,0.163
2099,0.164
2100,0.173
2101,0.173
2102,0.163
2103,0.162
2104,0.175
2105,0.174
2106,0.167
2107,0.179
2108,0.163
2109,0.173
2110,0.176
2111,0.163
2112,0.163
2113,0.163
2114,0.163
2115,0.173
2116,0.173
2117,0.163
2118,0.162
2119,0.173
2120,0.163
2121,0.173
2122,0.163
2123,0.163
2124,0.173
2125,0.173
2126,0.163
2127,0.163
2128,0.163
2129,0.173
2130,0.175
2131,0.164
2132,0.163
2133,0.176
2134,0.176
2135,0.176
2136,0.18
2137,0.163
2138,0.163
2139,0.173
2140,0.163
2141,0.163
2142,0.163
2143,0.163
2144,0.173
2145,0.174
2146,0.163
2147,0.163
2148,0.174
2149,0.162
2150,0.192
2151,0.163
2152,0.163
2153,0.173
2154,0.181
2155,0.163
2156,0.164
2157,0.163
2158,0.163
2159,0.173
2160,0.162
2161,0.163
2162,0.175
2163,0.173
2164,0.175
2165,0.182
2166,0.163
2167,0.163
2168,0.178
2169,0.173
2170,0.163
2171,0.163
2172,0.164
2173,0.174
2174,0.175
2175,0.163
2176,0.163
2177,0.174
2178,0.162
2179,0.176
2180,0.163
2181,0.162
2182,0.173
2183,0.178
2184,0.162
2185,0.181
2186,0.162
2187,0.162
2188,0.172
2189,0.182
2190,0.165
2191,0.173
2192,0.162
2193,0.176
2194,0.173
2195,0.163
2196,0.163
2197,0.182
2198,0.182
2199,0.171
2200,0.173
2201,0.163
2202,0.173
2203,0.174
2204,0.164
2205,0.163
2206,0.173
2207,0.162
2208,0.173
2209,0.18
2210,0.163
2211,0.173
2212,0.177
2213,0.163
2214,0.174
2215,0.162
2216,0.163
2217,0.173
2218,0.176
2219,0.163
2220,0.164
2221,0.162
2222,0.173
2223,0.172
2224,0.162
2225,0.163
2226,0.181
2227,0.181
2228,0.173
2229,0.173
2230,0.163
2231,0.164
2232,0.173
2233,0.163
2234,0.174
2235,0.162
2236,0.162
2237,0.172
2238,0.173
2239,0.162
2240,0.163
2241,0.173
2242,0.182
2243,0.174
2244,0.163
2245,0.161
2246,0.173
2247,0.173
2248,0.163
2249,0.163
2250,0.163
2251,0.178
2252,0.172
2253,0.167
2254,0.184
2255,0.177
2256,0.173
2257,0.173
2258,0.173
2259,0.163
2260,0.162
2261,0.172
2262,0.162
2263,0.162
2264,0.162
2265,0.162
2266,0.18
2267,0.173
2268,0.163
2269,0.163
2270,0.175
2271,0.161
2272,0.181
2273,0.163
2274,0.162
2275,0.173
2276,0.174
2277,0.163
2278,0.163
2279,0.163
2280,0.163
2281,0.176
2282,0.175
2283,0.163
2284,0.173
2285,0.172
2286,0.172
2287,0.181
2288,0.163
2289,0.163
2290,0.178
2291,0.173
2292,0.163
2293,0.161
2294,0.163
2295,0.177
2296,0.192
2297,0.179
2298,0.163
2299,0.172
2300,0.162
2301,0.173
2302,0.173
2303,0.163
2304,0.176
2305,0.173
2306,0.163
2307,0.174
2308,0.163
2309,0.164
2310,0.182
2311,0.173
2312,0.16
2313,0.173
2314,0.163
2315,0.174
2316,0.182
2317,0.164
2318,0.163
2319,0.175
2320,0.179
2321,0.164
2322,0.174
2323,0.164
2324,0.173
2325,0.175
2326,0.163
2327,0.163
2328,0.181
2329,0.163
2330,0.173
2331,0.173
2332,0.163
2333,0.164
2334,0.181
2335,0.164
2336,0.174
2337,0.163
2338,0.163
2339,0.175
2340,0.18
2341,0.164
2342,0.164
2343,0.163
2344,0.163
2345,0.173
2346,0.167
2347,0.164
2348,0.18
2349,0.183
2350,0.175
2351,0.174
2352,0.164
2353,0.164
2354,0.174
2355,0.164
2356,0.163
2357,0.174
2358,0.173
2359,0.172
2360,0.175
2361,0.163
2362,0.164
2363,0.181
2364,0.174
2365,0.174
2366,0.164
2367,0.164
2368,0.183
2369,0.181
2370,0.164
2371,0.164
2372,0.164
2373,0.166
2374,0.174
2375,0.164
2376,0.164
2377,0.181
2378,0.183
2379,0.174
2380,0.174
2381,0.185
2382,0.164
2383,0.18
2384,0.173
2385,0.164
2386,0.175
2387,0.164
2388,0.174
2389,0.182
2390,0.163
2391,0.164
2392,0.178
2393,0.176
2394,0.173
2395,0.173
2396,0.161
2397,0.186
2398,0.176
2399,0.164
2400,0.164
2401,0.162
2402,0.162
2403,0.176
2404,0.163
2405,0.163
2406,0.18
2407,0.173
2408,0.175
2409,0.182
2410,0.163
2411,0.164
2412,0.174
2413,0.18
2414,0.163
2415,0.167
2416,0.164
2417,0.174
2418,0.174
2419,0.163
2420,0.163
2421,0.174
2422,0.163
2423,0.177
2424,0.175
2425,0.164
2426,0.174
2427,0.174
2428,0.164
2429,0.164
2430,0.161
2431,0.163
2432,0.175
2433,0.183
2434,0.166
2435,0.164
2436,0.18
2437,0.174
2438,0.173
2439,0.164
2440,0.164
2441,0.178
2442,0.18
2443,0.163
2444,0.175
2445,0.164
2446,0.174
2447,0.182
2448,0.164
2449,0.161
2450,0.183
2451,0.174
2452,0.174
2453,0.174
2454,0.164
2455,0.164
2456,0.173
2457,0.164
2458,0.163
2459,0.164
2460,0.164
2461,0.173
2462,0.173
2463,0.164
2464,0.164
2465,0.174
2466,0.164
2467,0.174
2468,0.164
2469,0.164
2470,0.174
2471,0.176
2472,0.164
2473,0.163
2474,0.164
2475,0.164
2476,0.174
2477,0.181
2478,0.164
2479,0.174
2480,0.174
2481,0.18
2482,0.174
2483,0.163
2484,0.164
2485,0.18
2486,0.174
2487,0.163
2488,0.163
2489,0.164
2490,0.174
2491,0.177
2492,0.163
2493,0.162
2494,0.175
2495,0.162
2496,0.182
2497,0.173
2498,0.163
2499,0.177
2500,0.176
2501,0.164
2502,0.173
2503,0.164
2504,0.162
2505,0.174
2506,0.182
2507,0.164
2508,0.164
2509,0.163
2510,0.174
2511,0.174
2512,0.163
2513,0.163
2514,0.173
2515,0.18
2516,0.164
2517,0.163
2518,0.164
2519,0.174
2520,0.179
2521,0.161
2522,0.164
2523,0.175
2524,0.163
2525,0.174
2526,0.183
2527,0.163
2528,0.164
2529,0.181
2530,0.163
2531,0.175
2532,0.164
2533,0.164
2534,0.184
2535,0.173
2536,0.164
2537,0.164
2538,0.164
2539,0.172
2540,0.174
2541,0.163
2542,0.164
2543,0.174
2544,0.173
2545,0.173
2546,0.174
2547,0.174
2548,0.163
2549,0.173
2550,0.18
2551,0.164
2552,0.164
2553,0.163
2554,0.174
2555,0.182
2556,0.164
2557,0.164
2558,0.174
2559,0.174
2560,0.174
2561,0.163
2562,0.163
2563,0.176
2564,0.174
2565,0.164
2566,0.163
2567,0.163
2568,0.163
2569,0.183
2570,0.173
2571,0.164
2572,0.179
2573,0.174
2574,0.181
2575,0.174
2576,0.164
2577,0.163
2578,0.173
2579,0.174
2580,0.163
2581,0.173
2582,0.163
2583,0.183
2584,0.184
2585,0.163
2586,0.161
2587,0.174
2588,0.163
2589,0.174
2590,0.173
2591,0.163
2592,0.18
2593,0.174
2594,0.164
2595,0.174
2596,0.164
2597,0.163
2598,0.175
2599,0.174
2600,0.164
2601,0.186
2602,0.174
2603,0.176
2604,0.189
2605,0.164
2606,0.163
2607,0.174
2608,0.183
2609,0.164
2610,0.176
2611,0.163
2612,0.174
2613,0.192
2614,0.163
2615,0.164
2616,0.179
2617,0.163
2618,0.179
2619,0.182
2620,0.167
2621,0.164
2622,0.173
2623,0.164
2624,0.174
2625,0.162
2626,0.166
2627,0.179
2628,0.179
2629,0.164
2630,0.164
2631,0.163
2632,0.176
2633,0.174
2634,0.164
2635,0.163
2636,0.183
2637,0.179
2638,0.164
2639,0.177
2640,0.193
2641,0.163
2642,0.173
2643,0.164
2644,0.163
2645,0.177
2646,0.163
2647,0.174
2648,0.175
2649,0.164
2650,0.164
2651,0.176
2652,0.182
2653,0.173
2654,0.163
2655,0.164
2656,0.174
2657,0.174
2658,0.164
2659,0.163
2660,0.163
2661,0.163
2662,0.174
2663,0.163
2664,0.158
2665,0.173
2666,0.185
2667,0.163
2668,0.182
2669,0.163
2670,0.163
2671,0.218
2672,0.163
2673,0.163
2674,0.173
2675,0.163
2676,0.173
2677,0.174
2678,0.163
2679,0.164
2680,0.174
2681,0.183
2682,0.173
2683,0.163
2684,0.163
2685,0.173
2686,0.179
2687,0.162
2688,0.163
2689,0.206
2690,0.163
2691,0.181
2692,0.181
2693,0.163
2694,0.178
2695,0.183
2696,0.163
2697,0.175
2698,0.163
2699,0.163
2700,0.174
2701,0.176
2702,0.164
2703,0.163
2704,0.163
2705,0.182
2706,0.175
2707,0.163
2708,0.163
2709,0.174
2710,0.182
2711,0.174
2712,0.179
2713,0.164
2714,0.163
2715,0.183
2716,0.164
2717,0.169
2718,0.164
2719,0.164
2720,0.174
2721,0.174
2722,0.164
2723,0.162
2724,0.178
2725,0.164
2726,0.181
2727,0.164
2728,0.164
2729,0.193
2730,0.176
2731,0.163
2732,0.163
2733,0.164
2734,0.181
2735,0.174
2736,0.164
2737,0.163
2738,0.183
2739,0.18
2740,0.174
2741,0.18
2742,0.163
2743,0.163
2744,0.182
2745,0.164
2746,0.164
2747,0.171
2748,0.164
2749,0.174
2750,0.175
2751,0.164
2752,0.164
2753,0.173
2754,0.172
2755,0.169
2756,0.163
2757,0.171
2758,0.184
2759,0.174
2760,0.164
2761,0.164
2762,0.163
2763,0.166
2764,0.174
2765,0.163
2766,0.163
2767,0.174
2768,0.174
2769,0.174
2770,0.177
2771,0.164
2772,0.164
2773,0.174
2774,0.174
2775,0.163
2776,0.17
2777,0.163
2778,0.182
2779,0.173
2780,0.163
2781,0.163
2782,0.174
2783,0.163
2784,0.174
2785,0.164
2786,0.164
2787,0.185
2788,0.173
2789,0.173
2790,0.163
2791,0.162
2792,0.163
2793,0.173
2794,0.176
2795,0.164
2796,0.183
2797,0.174
2798,0.163
2799,0.172
2800,0.163
2801,0.164
2802,0.174
2803,0.176
2804,0.163
2805,0.163
2806,0.163
2807,0.174
2808,0.174
2809,0.163
2810,0.163
2811,0.173
2812,0.174
2813,0.181
2814,0.173
2815,0.166
2816,0.174
2817,0.174
2818,0.164
2819,0.164
2820,0.164
2821,0.164
2822,0.175
2823,0.181
2824,0.215
2825,0.164
2826,0.174
2827,0.164
2828,0.175
2829,0.163
2830,0.164
2831,0.18
2832,0.174
2833,0.163
2834,0.163
2835,0.164
2836,0.168
2837,0.172
2838,0.163
2839,0.163
2840,0.178
2841,0.174
2842,0.174
2843,0.182
2844,0.163
2845,0.163
2846,0.182
2847,0.164
2848,0.163
2849,0.163
2850,0.163
2851,0.174
2852,0.173
2853,0.164
2854,0.159
2855,0.179
2856,0.163
2857,0.173
2858,0.163
2859,0.163
2860,0.174
2861,0.18
2862,0.218
2863,0.163
2864,0.164
2865,0.163
2866,0.173
2867,0.174
2868,0.163
2869,0.174
2870,0.165
2871,0.176
2872,0.173
2873,0.163
2874,0.162
2875,0.173
2876,0.173
2877,0.163
2878,0.163
2879,0.163
2880,0.174
2881,0.18
2882,0.163
2883,0.163
2884,0.173
2885,0.163
2886,0.176
2887,0.173
2888,0.16
2889,0.174
2890,0.173
2891,0.163
2892,0.175
2893,0.164
2894,0.163
2895,0.183
2896,0.173
2897,0.163
2898,0.176
2899,0.163
2900,0.174
2901,0.173
2902,0.163
2903,0.163
2904,0.174
2905,0.174
2906,0.173
2907,0.175
2908,0.163
2909,0.194
2910,0.174
2911,0.163
2912,0.163
2913,0.163
2914,0.163
2915,0.172
2916,0.173
2917,0.163
2918,0.162
2919,0.182
2920,0.163
2921,0.173
2922,0.163
2923,0.163
2924,0.179
2925,0.173
2926,0.164
2927,0.163
2928,0.164
2929,0.174
2930,0.173
2931,0.164
2932,0.162
2933,0.174
2934,0.179
2935,0.174
2936,0.178
2937,0.163
2938,0.191
2939,0.173
2940,0.163
2941,0.163
2942,0.163
2943,0.164
2944,0.174
2945,0.173
2946,0.163
2947,0.174
2948,0.179
2949,0.183
2950,0.175
2951,0.163
2952,0.163
2953,0.173
2954,0.178
2955,0.162
2956,0.164
2957,0.162
2958,0.162
2959,0.173
2960,0.164
2961,0.162
2962,0.176
2963,0.181
2964,0.173
2965,0.173
2966,0.16
2967,0.16
2968,0.176
2969,0.162
2970,0.162
2971,0.162
2972,0.163
2973,0.173
2974,0.182
2975,0.164
2976,0.163
2977,0.175
2978,0.18
2979,0.173
2980,0.163
2981,0.163
2982,0.173
2983,0.175
2984,0.163
2985,0.163
2986,0.162
2987,0.164
2988,0.175
2989,0.174
2990,0.163
2991,0.182
2992,0.175
2993,0.174
2994,0.176
2995,0.163
2996,0.163
2997,0.176
2998,0.181
2999,0.163
3000,0.163
3001,0.163
3002,0.176
3003,0.19
3004,0.164
3005,0.163
3006,0.183
3007,0.164
3008,0.174
3009,0.179
3010,0.164
3011,0.174
3012,0.174
3013,0.163
3014,0.174
3015,0.164
3016,0.164
3017,0.174
3018,0.174
3019,0.164
3020,0.178
3021,0.163
3022,0.173
3023,0.176
3024,0.164
3025,0.164
3026,0.174
3027,0.174
3028,0.172
3029,0.174
3030,0.163
3031,0.173
3032,0.178
3033,0.163
3034,0.163
3035,0.174
3036,0.163
3037,0.174
3038,0.173
3039,0.164
3040,0.164
3041,0.174
3042,0.169
3043,0.173
3044,0.163
3045,0.163
3046,0.174
3047,0.173
3048,0.164
3049,0.163
3050,0.163
3051,0.182
3052,0.178
3053,0.163
3054,0.163
3055,0.183
3056,0.175
3057,0.176
3058,0.174
3059,0.163
3060,0.163
3061,0.173
3062,0.163
3063,0.164
3064,0.163
3065,0.163
3066,0.174
3067,0.176
3068,0.164
3069,0.166
3070,0.175
3071,0.164
3072,0.175
3073,0.164
3074,0.163
3075,0.173
3076,0.178
3077,0.163
3078,0.163
3079,0.163
3080,0.163
3081,0.183
3082,0.176
3083,0.196
3084,0.173
3085,0.174
3086,0.174
3087,0.174
3088,0.163
3089,0.163
3090,0.172
3091,0.173
3092,0.162
3093,0.163
3094,0.163
3095,0.173
3096,0.178
3097,0.165
3098,0.164
3099,0.182
3100,0.163
3101,0.179
3102,0.182
3103,0.166
3104,0.175
3105,0.183
3106,0.164
3107,0.182
3108,0.162
3109,0.163
3110,0.172
3111,0.173
3112,0.163
3113,0.163
3114,0.173
3115,0.173
3116,0.173
3117,0.163
3118,0.164
3119,0.229
3120,0.172
3121,0.162
3122,0.177
3123,0.162
3124,0.173
3125,0.19
3126,0.165
3127,0.163
3128,0.173
3129,0.162
3130,0.173
3131,0.179
3132,0.163
3133,0.163
3134,0.173
3135,0.163
3136,0.174
3137,0.163
3138,0.163
3139,0.175
3140,0.173
3141,0.163
3142,0.162
3143,0.162
3144,0.163
3145,0.182
3146,0.163
3147,0.164
3148,0.174
3149,0.173
3150,0.163
3151,0.174
3152,0.163
3153,0.163
3154,0.174
3155,0.163
3156,0.201
3157,0.181
3158,0.163
3159,0.174
3160,0.177
3161,0.163
3162,0.162
3163,0.173
3164,0.174
3165,0.174
3166,0.163
3167,0.164
3168,0.185
3169,0.173
3170,0.162
3171,0.162
3172,0.164
3173,0.162
3174,0.173
3175,0.162
3176,0.163
3177,0.173
3178,0.174
3179,0.173
3180,0.181
3181,0.163
3182,0.163
3183,0.174
3184,0.174
3185,0.164
3186,0.164
3187,0.164
3188,0.173
3189,0.173
3190,0.164
3191,0.164
3192,0.179
3193,0.174
3194,0.173
3195,0.163
3196,0.163
3197,0.173
3198,0.173
3199,0.163
3200,0.163
3201,0.163
3202,0.163
3203,0.173
3204,0.183
3205,0.163
3206,0.173
3207,0.175
3208,0.173
3209,0.173
3210,0.163
3211,0.162
3212,0.179
3213,0.173
3214,0.162
3215,0.174
3216,0.161
3217,0.172
3218,0.173
3219,0.164
3220,0.162
3221,0.173
3222,0.163
3223,0.174
3224,0.173
3225,0.163
3226,0.174
3227,0.172
3228,0.183
3229,0.169
3230,0.165
3231,0.163
3232,0.18
3233,0.173
3234,0.164
3235,0.162
3236,0.162
3237,0.174
3238,0.173
3239,0.16
3240,0.163
3241,0.172
3242,0.27
3243,0.162
3244,0.172
3245,0.208
3246,0.172
3247,0.173
3248,0.162
3249,0.162
3250,0.173
3251,0.162
3252,0.173
3253,0.172
3254,0.162
3255,0.163
3256,0.181
3257,0.162
3258,0.173
3259,0.163
3260,0.163
3261,0.173
3262,0.181
3263,0.163
3264,0.163
3265,0.163
3266,0.162
3267,0.173
3268,0.163
3269,0.163
3270,0.172
3271,0.173
3272,0.162
3273,0.173
3274,0.163
3275,0.194
3276,0.17
3277,0.173
3278,0.163
3279,0.181
3280,0.161
3281,0.173
3282,0.183
3283,0.162
3284,0.163
3285,0.172
3286,0.174
3287,0.181
3288,0.163
3289,0.163
3290,0.178
3291,0.172
3292,0.163
3293,0.163
3294,0.163
3295,0.162
3296,0.173
3297,0.236
3298,0.163
3299,0.175
3300,0.174
3301,0.163
3302,0.229
3303,0.226
3304,0.163
3305,0.173
3306,0.173
3307,0.163
3308,0.159
3309,0.162
3310,0.17
3311,0.173
3312,0.163
3313,0.162
3314,0.174
3315,0.179
3316,0.172
3317,0.177
3318,0.163
3319,0.188
3320,0.173
3321,0.209
3322,0.161
3323,0.162
3324,0.163
3325,0.173
3326,0.173
3327,0.162
3328,0.163
3329,0.178
3330,0.172
3331,0.179
3332,0.16
3333,0.163
3334,0.172
3335,0.173
3336,0.162
3337,0.162
3338,0.163
3339,0.228
3340,0.174
3341,0.163
3342,0.162
3343,0.178
3344,0.181
3345,0.172
3346,0.172
3347,0.163
3348,0.162
3349,0.177
3350,0.163
3351,0.162
3352,0.213
3353,0.163
3354,0.169
3355,0.183
3356,0.166
3357,0.163
3358,0.182
3359,0.163
3360,0.173
3361,0.163
3362,0.163
3363,0.173
3364,0.173
3365,0.163
3366,0.173
3367,0.162
3368,0.162
3369,0.172
3370,0.163
3371,0.161
3372,0.179
3373,0.162
3374,0.198
3375,0.174
3376,0.163
3377,0.163
3378,0.228
3379,0.174
3380,0.163
3381,0.163
3382,0.163
3383,0.18
3384,0.184
3385,0.16
3386,0.163
3387,0.174
3388,0.163
3389,0.173
3390,0.173
3391,0.163
3392,0.175
3393,0.173
3394,0.163
3395,0.177
3396,0.163
3397,0.163
3398,0.174
3399,0.204
3400,0.163
3401,0.173
3402,0.167
3403,0.173
3404,0.173
3405,0.166
3406,0.163
3407,0.17
3408,0.175
3409,0.162
3410,0.174
3411,0.162
3412,0.176
3413,0.236
3414,0.162
3415,0.162
3416,0.18
3417,0.162
3418,0.179
3419,0.178
3420,0.163
3421,0.163
3422,0.181
3423,0.163
3424,0.179
3425,0.163
3426,0.163
3427,0.173
3428,0.179
3429,0.163
3430,0.163
3431,0.163
3432,0.173
3433,0.174
3434,0.163
3435,0.174
3436,0.18
3437,0.182
3438,0.163
3439,0.18
3440,0.162
3441,0.163
3442,0.174
3443,0.163
3444,0.163
3445,0.173
3446,0.163
3447,0.174
3448,0.173
3449,0.163
3450,0.163
3451,0.173
3452,0.19
3453,0.176
3454,0.163
3455,0.162
3456,0.184
3457,0.174
3458,0.162
3459,0.163
3460,0.161
3461,0.163
3462,0.188
3463,0.163
3464,0.164
3465,0.178
3466,0.179
3467,0.173
3468,0.17
3469,0.162
3470,0.173
3471,0.181
3472,0.176
3473,0.162
3474,0.163
3475,0.164
3476,0.174
3477,0.174
3478,0.164
3479,0.163
3480,0.174
3481,0.173
3482,0.173
3483,0.163
3484,0.164
3485,0.173
3486,0.175
3487,0.166
3488,0.163
3489,0.163
3490,0.163
3491,0.178
3492,0.176
3493,0.164
3494,0.183
3495,0.173
3496,0.174
3497,0.18
3498,0.162
3499,0.163
3500,0.175
3501,0.181
3502,0.16
3503,0.163
3504,0.161
3505,0.173
3506,0.173
3507,0.163
3508,0.162
3509,0.174
3510,0.181
3511,0.173
3512,0.174
3513,0.163
3514,0.173
3515,0.182
3516,0.162
3517,0.162
3518,0.187
3519,0.163
3520,0.175
3521,0.181
3522,0.164
3523,0.163
3524,0.235
3525,0.182
3526,0.174
3527,0.163
3528,0.164
3529,0.173
3530,0.174
3531,0.163
3532,0.173
3533,0.163
3534,0.163
3535,0.173
3536,0.165
3537,0.163
3538,0.179
3539,0.173
3540,0.173
3541,0.173
3542,0.165
3543,0.163
3544,0.177
3545,0.162
3546,0.163
3547,0.163
3548,0.165
3549,0.174
3550,0.18
3551,0.162
3552,0.163
3553,0.173
3554,0.162
3555,0.173
3556,0.163
3557,0.164
3558,0.176
3559,0.174
3560,0.162
3561,0.173
3562,0.163
3563,0.163
3564,0.193
3565,0.17
3566,0.163
3567,0.181
3568,0.163
3569,0.173
3570,0.178
3571,0.163
3572,0.163
3573,0.182
3574,0.173
3575,0.173
3576,0.166
3577,0.163
3578,0.176
3579,0.174
3580,0.162
3581,0.163
3582,0.176
3583,0.163
3584,0.17
3585,0.176
3586,0.162
3587,0.173
3588,0.174
3589,0.162
3590,0.176
3591,0.163
3592,0.163
3593,0.176
3594,0.174
3595,0.163
3596,0.162
3597,0.163
3598,0.173
3599,0.181
3600,0.163
3601,0.161
3602,0.173
3603,0.174
3604,0.178
3605,0.173
3606,0.163
3607,0.163
3608,0.173
3609,0.162
3610,0.163
3611,0.163
3612,0.209
3613,0.173
3614,0.173
3615,0.163
3616,0.163
3617,0.173
3618,0.174
3619,0.182
3620,0.163
3621,0.163
3622,0.179
3623,0.174
3624,0.163
3625,0.173
3626,0.163
3627,0.173
3628,0.162
3629,0.163
3630,0.163
3631,0.181
3632,0.163
3633,0.173
3634,0.173
3635,0.163
3636,0.164
3637,0.173
3638,0.163
3639,0.17
3640,0.163
3641,0.176
3642,0.176
3643,0.173
3644,0.163
3645,0.162
3646,0.173
3647,0.172
3648,0.182
3649,0.162
3650,0.162
3651,0.173
3652,0.174
3653,0.162
3654,0.173
3655,0.163
3656,0.162
3657,0.179
3658,0.159
3659,0.163
3660,0.173
3661,0.163
3662,0.173
3663,0.176
3664,0.162
3665,0.163
3666,0.173
3667,0.173
3668,0.179
3669,0.17
3670,0.162
3671,0.176
3672,0.176
3673,0.164
3674,0.162
3675,0.158
3676,0.163
3677,0.172
3678,0.162
3679,0.162
3680,0.173
3681,0.176
3682,0.171
3683,0.172
3684,0.162
3685,0.162
3686,0.176
3687,0.173
3688,0.163
3689,0.162
3690,0.162
3691,0.181
3692,0.173
3693,0.162
3694,0.162
3695,0.173
3696,0.173
3697,0.173
3698,0.164
3699,0.162
3700,0.172
3701,0.179
3702,0.162
3703,0.162
3704,0.163
3705,0.163
3706,0.179
3707,0.173
3708,0.163
3709,0.174
3710,0.173
3711,0.172
3712,0.173
3713,0.162
3714,0.163
3715,0.174
3716,0.178
3717,0.163
3718,0.163
3719,0.162
3720,0.181
3721,0.175
3722,0.162
3723,0.163
3724,0.175
3725,0.164
3726,0.174
3727,0.182
3728,0.163
3729,0.18
3730,0.174
3731,0.163
3732,0.173
3733,0.163
3734,0.174
3735,0.174
3736,0.176
3737,0.162
3738,0.173
3739,0.163
3740,0.173
3741,0.174
3742,0.163
3743,0.163
3744,0.174
3745,0.174
3746,0.174
3747,0.173
3748,0.163
3749,0.184
3750,0.174
3751,0.162
3752,0.163
3753,0.165
3754,0.163
3755,0.177
3756,0.173
3757,0.162
3758,0.175
3759,0.173
3760,0.182
3761,0.173
3762,0.164
3763,0.165
3764,0.183
3765,0.182
3766,0.163
3767,0.162
3768,0.163
3769,0.174
3770,0.174
3771,0.162
3772,0.161
3773,0.174
3774,0.174
3775,0.172
3776,0.174
3777,0.163
3778,0.164
3779,0.174
3780,0.222
3781,0.162
3782,0.163
3783,0.163
3784,0.173
3785,0.184
3786,0.163
3787,0.163
3788,0.174
3789,0.163
3790,0.173
3791,0.163
3792,0.163
3793,0.174
3794,0.173
3795,0.164
3796,0.174
3797,0.163
3798,0.162
3799,0.184
3800,0.162
3801,0.163
3802,0.175
3803,0.164
3804,0.172
3805,0.18
3806,0.163
3807,0.163
3808,0.176
3809,0.174
3810,0.179
3811,0.163
3812,0.163
3813,0.172
3814,0.192
3815,0.162
3816,0.159
3817,0.184
3818,0.163
3819,0.236
3820,0.163
3821,0.163
3822,0.178
3823,0.178
3824,0.162
3825,0.179
3826,0.163
3827,0.163
3828,0.173
3829,0.176
3830,0.168
3831,0.162
3832,0.163
3833,0.172
3834,0.176
3835,0.163
3836,0.162
3837,0.179
3838,0.18
3839,0.18
3840,0.177
3841,0.162
3842,0.18
3843,0.182
3844,0.165
3845,0.163
3846,0.166
3847,0.163
3848,0.173
3849,0.173
3850,0.164
3851,0.162
3852,0.181
3853,0.173
3854,0.173
3855,0.163
3856,0.163
3857,0.173
3858,0.182
3859,0.162
3860,0.162
3861,0.162
3862,0.177
3863,0.173
3864,0.162
3865,0.162
3866,0.173
3867,0.173
3868,0.176
3869,0.176
3870,0.163
3871,0.163
3872,0.174
3873,0.162
3874,0.161
3875,0.162
3876,0.162
3877,0.176
3878,0.172
3879,0.162
3880,0.162
3881,0.175
3882,0.162
3883,0.172
3884,0.162
3885,0.162
3886,0.202
3887,0.172
3888,0.161
3889,0.161
3890,0.188
3891,0.162
3892,0.172
3893,0.162
3894,0.162
3895,0.173
3896,0.172
3897,0.172
3898,0.175
3899,0.163
3900,0.163
3901,0.181
3902,0.172
3903,0.162
3904,0.162
3905,0.162
3906,0.181
3907,0.181
3908,0.162
3909,0.162
3910,0.174
3911,0.163
3912,0.173
3913,0.163
3914,0.162
3915,0.18
3916,0.173
3917,0.162
3918,0.178
3919,0.162
3920,0.162
3921,0.172
3922,0.179
3923,0.162
3924,0.179
3925,0.163
3926,0.174
3927,0.178
3928,0.162
3929,0.162
3930,0.173
3931,0.173
3932,0.163
3933,0.162
3934,0.162
3935,0.174
3936,0.172
3937,0.162
3938,0.162
3939,0.174
3940,0.162
3941,0.171
3942,0.176
3943,0.164
3944,0.173
3945,0.176
3946,0.162
3947,0.173
3948,0.163
3949,0.166
3950,0.172
3951,0.177
3952,0.162
3953,0.164
3954,0.163
3955,0.173
3956,0.178
3957,0.162
3958,0.162
3959,0.173
3960,0.174
3961,0.162
3962,0.173
3963,0.162
3964,0.175
3965,0.173
3966,0.162
3967,0.162
3968,0.176
3969,0.162
3970,0.173
3971,0.173
3972,0.162
3973,0.162
3974,0.175
3975,0.162
3976,0.181
3977,0.158
3978,0.162
3979,0.183
3980,0.172
3981,0.161
3982,0.162
3983,0.162
3984,0.162
3985,0.172
3986,0.162
3987,0.162
3988,0.174
3989,0.174
3990,0.162
3991,0.172
3992,0.163
3993,0.163
3994,0.173
3995,0.162
3996,0.162
3997,0.173
3998,0.163
3999,0.172
4000,0.181
4001,0.173
4002,0.189
4003,0.174
4004,0.178
4005,0.172
4006,0.163
4007,0.163
4008,0.191
4009,0.173
4010,0.162
4011,0.162
4012,0.162
4013,0.163
4014,0.172
4015,0.162
4016,0.161
4017,0.174
4018,0.174
4019,0.162
4020,0.172
4021,0.164
4022,0.164
4023,0.178
4024,0.174
4025,0.163
4026,0.18
4027,0.165
4028,0.173
4029,0.186
4030,0.163
4031,0.163
4032,0.173
4033,0.174
4034,0.173
4035,0.163
4036,0.162
4037,0.182
4038,0.171
4039,0.162
4040,0.159
4041,0.162
4042,0.162
4043,0.179
4044,0.163
4045,0.162
4046,0.172
4047,0.173
4048,0.162
4049,0.173
4050,0.162
4051,0.162
4052,0.173
4053,0.177
4054,0.162
4055,0.162
4056,0.163
4057,0.172
4058,0.175
4059,0.163
4060,0.162
4061,0.175
4062,0.173
4063,0.172
4064,0.172
4065,0.162
4066,0.162
4067,0.173
4068,0.162
4069,0.161
4070,0.163
4071,0.162
4072,0.181
4073,0.172
4074,0.161
4075,0.161
4076,0.173
4077,0.181
4078,0.172
4079,0.163
4080,0.162
4081,0.181
4082,0.173
4083,0.162
4084,0.163
4085,0.163
4086,0.172
4087,0.172
4088,0.162
4089,0.162
4090,0.176
4091,0.182
4092,0.173
4093,0.174
4094,0.162
4095,0.163
4096,0.182
4097,0.162
4098,0.161
4099,0.162
4100,0.162
4101,0.181
4102,0.19
4103,0.162
4104,0.161
4105,0.173
4106,0.162
4107,0.172
4108,0.162
4109,0.161
4110,0.172
4111,0.173
4112,0.163
4113,0.172
4114,0.162
4115,0.163
4116,0.173
4117,0.173
4118,0.161
4119,0.173
4120,0.16
4121,0.172
4122,0.174
4123,0.162
4124,0.162
4125,0.172
4126,0.173
4127,0.163
4128,0.162
4129,0.162
4130,0.181
4131,0.176
4132,0.162
4133,0.161
4134,0.176
4135,0.163
4136,0.173
4137,0.182
4138,0.162
4139,0.173
4140,0.173
4141,0.162
4142,0.172
4143,0.159
4144,0.162
4145,0.183
4146,0.174
4147,0.162
4148,0.162
4149,0.163
4150,0.173
4151,0.172
4152,0.162
4153,0.162
4154,0.181
4155,0.173
4156,0.173
4157,0.231
4158,0.162
4159,0.173
4160,0.176
4161,0.162
4162,0.162
4163,0.173
4164,0.163
4165,0.174
4166,0.176
4167,0.162
4168,0.162
4169,0.181
4170,0.162
4171,0.173
4172,0.163
4173,0.163
4174,0.181
4175,0.175
4176,0.163
4177,0.162
4178,0.16
4179,0.163
4180,0.173
4181,0.163
4182,0.162
4183,0.18
4184,0.232
4185,0.173
4186,0.177
4187,0.163
4188,0.163
4189,0.179
4190,0.163
4191,0.163
4192,0.165
4193,0.163
4194,0.176
4195,0.173
4196,0.163
4197,0.162
4198,0.173
4199,0.171
4200,0.173
4201,0.162
4202,0.162
4203,0.173
4204,0.182
4205,0.163
4206,0.163
4207,0.163
4208,0.163
4209,0.177
4210,0.163
4211,0.164
4212,0.174
4213,0.173
4214,0.173
4215,0.182
4216,0.162
4217,0.165
4218,0.177
4219,0.177
4220,0.162
4221,0.162
4222,0.163
4223,0.177
4224,0.182
4225,0.162
4226,0.162
4227,0.173
4228,0.162
4229,0.18
4230,0.171
4231,0.162
4232,0.173
4233,0.173
4234,0.162
4235,0.162
4236,0.163
4237,0.162
4238,0.174
4239,0.173
4240,0.162
4241,0.173
4242,0.181
4243,0.178
4244,0.181
4245,0.159
4246,0.162
4247,0.173
4248,0.181
4249,0.161
4250,0.172
4251,0.163
4252,0.175
4253,0.173
4254,0.162
4255,0.162
4256,0.173
4257,0.162
4258,0.18
4259,0.173
4260,0.162
4261,0.181
4262,0.173
4263,0.162
4264,0.162
4265,0.162
4266,0.162
4267,0.172
4268,0.173
4269,0.162
4270,0.161
4271,0.173
4272,0.245
4273,0.172
4274,0.162
4275,0.162
4276,0.173
4277,0.175
4278,0.161
4279,0.172
4280,0.163
4281,0.163
4282,0.179
4283,0.162
4284,0.162
4285,0.181
4286,0.163
4287,0.173
4288,0.173
4289,0.168
4290,0.162
4291,0.182
4292,0.161
4293,0.172
4294,0.162
4295,0.162
4296,0.173
4297,0.173
4298,0.162
4299,0.162
4300,0.162
4301,0.163
4302,0.175
4303,0.163
4304,0.162
4305,0.173
4306,0.18
4307,0.162
4308,0.174
4309,0.163
4310,0.174
4311,0.174
4312,0.163
4313,0.163
4314,0.173
4315,0.163
4316,0.173
4317,0.174
4318,0.163
4319,0.162
4320,0.174
4321,0.182
4322,0.172
4323,0.17
4324,0.163
4325,0.175
4326,0.175
4327,0.163
4328,0.163
4329,0.165
4330,0.163
4331,0.173
4332,0.174
4333,0.163
4334,0.174
4335,0.176
4336,0.173
4337,0.173
4338,0.163
4339,0.163
4340,0.177
4341,0.174
4342,0.165
4343,0.163
4344,0.164
4345,0.171
4346,0.176
4347,0.163
4348,0.163
4349,0.179
4350,0.181
4351,0.173
4352,0.173
4353,0.164
4354,0.183
4355,0.174
4356,0.163
4357,0.163
4358,0.164
4359,0.163
4360,0.177
4361,0.174
4362,0.163
4363,0.162
4364,0.173
4365,0.174
4366,0.173
4367,0.163
4368,0.162
4369,0.174
4370,0.179
4371,0.162
4372,0.169
4373,0.163
4374,0.162
4375,0.176
4376,0.162
4377,0.162
4378,0.173
4379,0.173
4380,0.174
4381,0.177
4382,0.163
4383,0.163
4384,0.18
4385,0.163
4386,0.164
4387,0.163
4388,0.162
4389,0.173
4390,0.177
4391,0.162
4392,0.164
4393,0.173
4394,0.163
4395,0.176
4396,0.162
4397,0.163
4398,0.176
4399,0.173
4400,0.162
4401,0.172
4402,0.163
4403,0.165
4404,0.175
4405,0.17
4406,0.184
4407,0.173
4408,0.163
4409,0.172
4410,0.172
4411,0.162
4412,0.162
4413,0.172
4414,0.181
4415,0.162
4416,0.162
4417,0.163
4418,0.173
4419,0.173
4420,0.165
4421,0.184
4422,0.175
4423,0.163
4424,0.173
4425,0.176
4426,0.162
4427,0.173
4428,0.184
4429,0.162
4430,0.172
4431,0.162
4432,0.162
4433,0.192
4434,0.174
4435,0.162
4436,0.162
4437,0.162
4438,0.174
4439,0.173
4440,0.164
4441,0.162
4442,0.177
4443,0.174
4444,0.173
4445,0.173
4446,0.163
4447,0.173
4448,0.173
4449,0.161
4450,0.162
4451,0.169
4452,0.162
4453,0.175
4454,0.173
4455,0.162
4456,0.162
4457,0.179
4458,0.162
4459,0.174
4460,0.163
4461,0.162
4462,0.174
4463,0.18
4464,0.162
4465,0.162
4466,0.163
4467,0.173
4468,0.173
4469,0.163
4470,0.162
4471,0.173
4472,0.178
4473,0.173
4474,0.173
4475,0.162
4476,0.162
4477,0.176
4478,0.162
4479,0.162
4480,0.163
4481,0.163
4482,0.173
4483,0.172
4484,0.161
4485,0.158
4486,0.172
4487,0.172
4488,0.178
4489,0.162
4490,0.162
4491,0.173
4492,0.174
4493,0.164
4494,0.163
4495,0.163
4496,0.163
4497,0.174
4498,0.166
4499,0.165
4500,0.175
4501,0.173
4502,0.181
4503,0.173
4504,0.162
4505,0.162
4506,0.182
4507,0.162
4508,0.162
4509,0.163
4510,0.162
4511,0.177
4512,0.173
4513,0.161
4514,0.162
4515,0.174
4516,0.162
4517,0.181
4518,0.162
4519,0.164
4520,0.173
4521,0.174
4522,0.162
4523,0.172
4524,0.162
4525,0.162
4526,0.178
4527,0.174
4528,0.162
4529,0.175
4530,0.173
4531,0.173
4532,0.173
4533,0.162
4534,0.162
4535,0.173
4536,0.177
4537,0.162
4538,0.176
4539,0.162
4540,0.177
4541,0.174
4542,0.162
4543,0.162
4544,0.181
4545,0.163
4546,0.172
4547,0.173
4548,0.162
4549,0.174
4550,0.179
4551,0.161
4552,0.173
4553,0.162
4554,0.162
4555,0.173
4556,0.182
4557,0.163
4558,0.162
4559,0.162
4560,0.173
4561,0.181
4562,0.164
4563,0.163
4564,0.173
4565,0.176
4566,0.163
4567,0.193
4568,0.163
4569,0.177
4570,0.186
4571,0.163
4572,0.163
4573,0.174
4574,0.163
4575,0.174
4576,0.173
4577,0.162
4578,0.162
4579,0.174
4580,0.162
4581,0.176
4582,0.163
4583,0.163
4584,0.177
4585,0.173
4586,0.162
4587,0.163
4588,0.163
4589,0.163
4590,0.178
4591,0.165
4592,0.163
4593,0.179
4594,0.173
4595,0.165
4596,0.179
4597,0.163
4598,0.173
4599,0.174
4600,0.162
4601,0.161
4602,0.162
4603,0.163
4604,0.176
4605,0.173
4606,0.161
4607,0.162
4608,0.18
4609,0.173
4610,0.176
4611,0.162
4612,0.163
4613,0.193
4614,0.173
4615,0.162
4616,0.162
4617,0.163
4618,0.162
4619,0.175
4620,0.162
4621,0.162
4622,0.173
4623,0.173
4624,0.18
4625,0.172
4626,0.163
4627,0.162
4628,0.171
4629,0.18
4630,0.162
4631,0.164
4632,0.163
4633,0.174
4634,0.175
4635,0.162
4636,0.161
4637,0.176
4638,0.173
4639,0.173
4640,0.176
4641,0.162
4642,0.173
4643,0.173
4644,0.161
4645,0.162
4646,0.162
4647,0.162
4648,0.173
4649,0.172
4650,0.165
4651,0.181
4652,0.173
4653,0.175
4654,0.184
4655,0.162
4656,0.17
4657,0.173
4658,0.182
4659,0.161
4660,0.162
4661,0.162
4662,0.172
4663,0.173
4664,0.162
4665,0.162
4666,0.175
4667,0.162
4668,0.181
4669,0.172
4670,0.162
4671,0.173
4672,0.174
4673,0.162
4674,0.162
4675,0.162
4676,0.162
4677,0.172
4678,0.173
4679,0.161
4680,0.162
4681,0.173
4682,0.172
4683,0.18
4684,0.162
4685,0.161
4686,0.181
4687,0.173
4688,0.161
4689,0.172
4690,0.162
4691,0.162
4692,0.177
4693,0.161
4694,0.159
4695,0.175
4696,0.16
4697,0.172
4698,0.173
4699,0.161
4700,0.162
4701,0.173
4702,0.162
4703,0.173
4704,0.162
4705,0.162
4706,0.192
4707,0.173
4708,0.161
4709,0.161
4710,0.162
4711,0.162
4712,0.171
4713,0.162
4714,0.162
4715,0.173
4716,0.181
4717,0.173
4718,0.172
4719,0.161
4720,0.162
4721,0.173
4722,0.178
4723,0.161
4724,0.16
4725,0.162
4726,0.172
4727,0.172
4728,0.162
4729,0.161
4730,0.179
4731,0.177
4732,0.172
4733,0.162
4734,0.162
4735,0.172
4736,0.172
4737,0.161
4738,0.161
4739,0.162
4740,0.162
4741,0.172
4742,0.183
4743,0.161
4744,0.173
4745,0.174
4746,0.173
4747,0.173
4748,0.162
4749,0.162
4750,0.181
4751,0.177
4752,0.162
4753,0.178
4754,0.162
4755,0.172
4756,0.173
4757,0.161
4758,0.161
4759,0.172
4760,0.162
4761,0.173
4762,0.173
4763,0.162
4764,0.172
4765,0.182
4766,0.162
4767,0.171
4768,0.161
4769,0.161
4770,0.17
4771,0.172
4772,0.161
4773,0.162
4774,0.163
4775,0.193
4776,0.18
4777,0.161
4778,0.161
4779,0.178
4780,0.173
4781,0.17
4782,0.171
4783,0.159
4784,0.161
4785,0.174
4786,0.161
4787,0.158
4788,0.17
4789,0.162
4790,0.172
4791,0.172
4792,0.161
4793,0.161
4794,0.173
4795,0.161
4796,0.172
4797,0.162
4798,0.196
4799,0.173
4800,0.172
4801,0.162
4802,0.161
4803,0.162
4804,0.162
4805,0.172
4806,0.161
4807,0.161
4808,0.175
4809,0.172
4810,0.174
4811,0.172
4812,0.162
4813,0.161
4814,0.174
4815,0.162
4816,0.162
4817,0.162
4818,0.162
4819,0.173
4820,0.189
4821,0.163
4822,0.161
4823,0.173
4824,0.162
4825,0.181
4826,0.162
4827,0.162
4828,0.173
4829,0.175
4830,0.161
4831,0.165
4832,0.162
4833,0.163
4834,0.179
4835,0.161
4836,0.161
4837,0.173
4838,0.163
4839,0.179
4840,0.173
4841,0.161
4842,0.162
4843,0.173
4844,0.177
4845,0.172
4846,0.162
4847,0.162
4848,0.172
4849,0.18
4850,0.162
4851,0.162
4852,0.162
4853,0.162
4854,0.172
4855,0.173
4856,0.162
4857,0.173
4858,0.172
4859,0.166
4860,0.174
4861,0.162
4862,0.161
4863,0.172
4864,0.172
4865,0.165
4866,0.172
4867,0.16
4868,0.172
4869,0.174
4870,0.161
4871,0.161
4872,0.177
4873,0.172
4874,0.18
4875,0.178
4876,0.162
4877,0.172
4878,0.172
4879,0.161
4880,0.161
4881,0.162
4882,0.162
4883,0.173
4884,0.182
4885,0.161
4886,0.178
4887,0.172
4888,0.172
4889,0.178
4890,0.161
4891,0.161
4892,0.179
4893,0.173
4894,0.161
4895,0.172
4896,0.162
4897,0.172
4898,0.173
4899,0.162
4900,0.162
4901,0.184
4902,0.162
4903,0.173
4904,0.173
4905,0.184
4906,0.173
4907,0.173
4908,0.162
4909,0.162
4910,0.162
4911,0.162
4912,0.173
4913,0.173
4914,0.173
4915,0.162
4916,0.18
4917,0.172
4918,0.173
4919,0.162
4920,0.162
4921,0.18
4922,0.175
4923,0.162
4924,0.172
4925,0.162
4926,0.162
4927,0.182
4928,0.162
4929,0.162
4930,0.173
4931,0.162
4932,0.173
4933,0.173
4934,0.162
4935,0.17
4936,0.175
4937,0.162
4938,0.173
4939,0.162
4940,0.162
4941,0.193
4942,0.173
4943,0.162
4944,0.162
4945,0.162
4946,0.173
4947,0.173
4948,0.162
4949,0.162
4950,0.176
4951,0.173
4952,0.181
4953,0.173
4954,0.163
4955,0.162
4956,0.177
4957,0.162
4958,0.162
4959,0.162
4960,0.162
4961,0.173
4962,0.174
4963,0.162
4964,0.165
4965,0.179
4966,0.162
4967,0.173
4968,0.162
4969,0.161
4970,0.173
4971,0.175
4972,0.162
4973,0.162
4974,0.162
4975,0.162
4976,0.178
4977,0.162
4978,0.162
4979,0.173
4980,0.179
4981,0.172
4982,0.173
4983,0.162
4984,0.162
4985,0.173
4986,0.173
4987,0.163
4988,0.162
4989,0.162
4990,0.18
4991,0.174
4992,0.167
4993,0.162
4994,0.173
4995,0.162
4996,0.173
4997,0.162
4998,0.162
4999,0.181
5000,0.172
5001,0.162
5002,0.18
5003,0.162
5004,0.161
5005,0.173
5006,0.173
5007,0.162
5008,0.173
5009,0.16
5010,0.179
5011,0.172
5012,0.161
5013,0.162
5014,0.17
5015,0.181
5016,0.164
5017,0.172
5018,0.162
5019,0.172
5020,0.177
5021,0.162
5022,0.162
5023,0.171
5024,0.162
5025,0.178
5026,0.174
5027,0.162
5028,0.173
5029,0.173
5030,0.168
5031,0.172
5032,0.209
5033,0.162
5034,0.187
5035,0.174
5036,0.164
5037,0.181
5038,0.164
5039,0.175
5040,0.173
5041,0.162
5042,0.162
5043,0.176
5044,0.173
5045,0.176
5046,0.178
5047,0.162
5048,0.175
5049,0.173
5050,0.162
5051,0.161
5052,0.162
5053,0.162
5054,0.171
5055,0.173
5056,0.161
5057,0.162
5058,0.173
5059,0.172
5060,0.172
5061,0.162
5062,0.162
5063,0.172
5064,0.176
5065,0.161
5066,0.162
5067,0.162
5068,0.172
5069,0.173
5070,0.162
5071,0.188
5072,0.172
5073,0.181
5074,0.189
5075,0.175
5076,0.162
5077,0.173
5078,0.182
5079,0.162
5080,0.161
5081,0.162
5082,0.162
5083,0.173
5084,0.185
5085,0.162
5086,0.162
5087,0.175
5088,0.162
5089,0.18
5090,0.163
5091,0.162
5092,0.176
5093,0.177
5094,0.162
5095,0.173
5096,0.162
5097,0.162
5098,0.173
5099,0.162
5100,0.162
5101,0.174
5102,0.162
5103,0.173
5104,0.173
5105,0.162
5106,0.163
5107,0.174
5108,0.174
5109,0.173
5110,0.159
5111,0.163
5112,0.181
5113,0.174
5114,0.162
5115,0.162
5116,0.17
5117,0.162
5118,0.174
5119,0.173
5120,0.162
5121,0.176
5122,0.173
5123,0.162
5124,0.173
5125,0.162
5126,0.162
5127,0.173
5128,0.175
5129,0.16
5130,0.173
5131,0.162
5132,0.173
5133,0.174
5134,0.162
5135,0.163
5136,0.18
5137,0.172
5138,0.175
5139,0.182
5140,0.162
5141,0.187
5142,0.173
5143,0.162
5144,0.162
5145,0.162
5146,0.163
5147,0.173
5148,0.179
5149,0.162
5150,0.175
5151,0.184
5152,0.181
5153,0.173
5154,0.163
5155,0.162
5156,0.174
5157,0.174
5158,0.162
5159,0.173
5160,0.163
5161,0.176
5162,0.174
5163,0.16
5164,0.162
5165,0.174
5166,0.161
5167,0.173
5168,0.173
5169,0.162
5170,0.174
5171,0.173
5172,0.162
5173,0.174
5174,0.162
5175,0.162
5176,0.173
5177,0.173
5178,0.162
5179,0.161
5180,0.171
5181,0.227
5182,0.173
5183,0.162
5184,0.162
5185,0.173
5186,0.173
5187,0.162
5188,0.177
5189,0.161
5190,0.175
5191,0.171
5192,0.162
5193,0.163
5194,0.163
5195,0.163
5196,0.179
5197,0.172
5198,0.162
5199,0.162
5200,0.173
5201,0.159
5202,0.173
5203,0.165
5204,0.162
5205,0.18
5206,0.173
5207,0.162
5208,0.162
5209,0.166
5210,0.173
5211,0.18
5212,0.161
5213,0.162
5214,0.173
5215,0.173
5216,0.177
5217,0.172
5218,0.22
5219,0.162
5220,0.174
5221,0.162
5222,0.162
5223,0.162
5224,0.163
5225,0.173
5226,0.181
5227,0.162
5228,0.162
5229,0.179
5230,0.173
5231,0.175
5232,0.162
5233,0.161
5234,0.172
5235,0.173
5236,0.163
5237,0.173
5238,0.162
5239,0.162
5240,0.182
5241,0.162
5242,0.162
5243,0.173
5244,0.162
5245,0.173
5246,0.181
5247,0.217
5248,0.162
5249,0.176
5250,0.173
5251,0.172
5252,0.162
5253,0.162
5254,0.174
5255,0.173
5256,0.162
5257,0.162
5258,0.163
5259,0.163
5260,0.174
5261,0.162
5262,0.188
5263,0.174
5264,0.176
5265,0.173
5266,0.173
5267,0.162
5268,0.162
5269,0.174
5270,0.179
5271,0.163
5272,0.163
5273,0.163
5274,0.174
5275,0.174
5276,0.163
5277,0.162
5278,0.174
5279,0.174
5280,0.178
5281,0.163
5282,0.163
5283,0.171
5284,0.173
5285,0.163
5286,0.163
5287,0.163
5288,0.163
5289,0.176
5290,0.175
5291,0.162
5292,0.173
5293,0.18
5294,0.174
5295,0.173
5296,0.161
5297,0.161
5298,0.181
5299,0.173
5300,0.16
5301,0.162
5302,0.162
5303,0.181
5304,0.189
5305,0.162
5306,0.162
5307,0.177
5308,0.162
5309,0.172
5310,0.174
5311,0.162
5312,0.173
5313,0.181
5314,0.163
5315,0.173
5316,0.162
5317,0.162
5318,0.183
5319,0.174
5320,0.162
5321,0.181
5322,0.163
5323,0.173
5324,0.182
5325,0.162
5326,0.162
5327,0.174
5328,0.173
5329,0.175
5330,0.173
5331,0.162
5332,0.184
5333,0.175
5334,0.163
5335,0.162
5336,0.163
5337,0.163
5338,0.174
5339,0.173
5340,0.159
5341,0.162
5342,0.181
5343,0.173
5344,0.175
5345,0.162
5346,0.163
5347,0.173
5348,0.173
5349,0.162
5350,0.173
5351,0.162
5352,0.173
5353,0.176
5354,0.163
5355,0.163
5356,0.174
5357,0.172
5358,0.173
5359,0.174
5360,0.162
5361,0.165
5362,0.174
5363,0.162
5364,0.173
5365,0.162
5366,0.163
5367,0.173
5368,0.173
5369,0.162
5370,0.16
5371,0.163
5372,0.18
5373,0.174
5374,0.162
5375,0.162
5376,0.173
5377,0.173
5378,0.162
5379,0.172
5380,0.158
5381,0.161
5382,0.172
5383,0.161
5384,0.162
5385,0.172
5386,0.162
5387,0.173
5388,0.182
5389,0.161
5390,0.161
5391,0.172
5392,0.161
5393,0.172
5394,0.161
5395,0.163
5396,0.173
5397,0.175
5398,0.162
5399,0.162
5400,0.162
5401,0.161
5402,0.172
5403,0.162
5404,0.162
5405,0.18
5406,0.173
5407,0.172
5408,0.172
5409,0.162
5410,0.161
5411,0.176
5412,0.162
5413,0.161
5414,0.163
5415,0.162
5416,0.177
5417,0.191
5418,0.162
5419,0.162
5420,0.178
5421,0.162
5422,0.181
5423,0.162
5424,0.162
5425,0.173
5426,0.173
5427,0.162
5428,0.177
5429,0.162
5430,0.162
5431,0.183
5432,0.179
5433,0.16
5434,0.18
5435,0.162
5436,0.182
5437,0.174
5438,0.161
5439,0.162
5440,0.174
5441,0.184
5442,0.172
5443,0.162
5444,0.162
5445,0.183
5446,0.173
5447,0.162
5448,0.161
5449,0.162
5450,0.163
5451,0.186
5452,0.173
5453,0.162
5454,0.182
5455,0.177
5456,0.173
5457,0.179
5458,0.162
5459,0.161
5460,0.173
5461,0.173
5462,0.161
5463,0.172
5464,0.163
5465,0.173
5466,0.174
5467,0.162
5468,0.162
5469,0.175
5470,0.173
5471,0.18
5472,0.173
5473,0.162
5474,0.174
5475,0.228
5476,0.199
5477,0.163
5478,0.164
5479,0.162
5480,0.176
5481,0.176
5482,0.162
5483,0.21
5484,0.174
5485,0.173
5486,0.182
5487,0.163
5488,0.163
5489,0.182
5490,0.182
5491,0.162
5492,0.182
5493,0.162
5494,0.174
5495,0.173
5496,0.162
5497,0.163
5498,0.174
5499,0.162
5500,0.18
5501,0.174
5502,0.162
5503,0.162
5504,0.173
5505,0.163
5506,0.179
5507,0.163
5508,0.162
5509,0.179
5510,0.18
5511,0.163
5512,0.221
5513,0.198
5514,0.163
5515,0.169
5516,0.163
5517,0.163
5518,0.174
5519,0.181
5520,0.172
5521,0.175
5522,0.162
5523,0.162
5524,0.173
5525,0.162
5526,0.163
5527,0.163
5528,0.162
5529,0.174
5530,0.181
5531,0.162
5532,0.159
5533,0.172
5534,0.172
5535,0.174
5536,0.162
5537,0.162
5538,0.173
5539,0.174
5540,0.163
5541,0.163
5542,0.162
5543,0.162
5544,0.173
5545,0.162
5546,0.163
5547,0.186
5548,0.182
5549,0.171
5550,0.173
5551,0.161
5552,0.164
5553,0.177
5554,0.162
5555,0.162
5556,0.163
5557,0.162
5558,0.174
5559,0.18
5560,0.162
5561,0.163
5562,0.173
5563,0.162
5564,0.173
5565,0.162
5566,0.175
5567,0.174
5568,0.178
5569,0.163
5570,0.173
5571,0.163
5572,0.162
5573,0.173
5574,0.175
5575,0.162
5576,0.175
5577,0.163
5578,0.173
5579,0.18
5580,0.163
5581,0.162
5582,0.176
5583,0.174
5584,0.162
5585,0.165
5586,0.163
5587,0.173
5588,0.179
5589,0.163
5590,0.164
5591,0.182
5592,0.163
5593,0.173
5594,0.162
5595,0.163
5596,0.18
5597,0.175
5598,0.162
5599,0.173
5600,0.162
5601,0.162
5602,0.187
5603,0.174
5604,0.162
5605,0.176
5606,0.162
5607,0.173
5608,0.174
5609,0.162
5610,0.162
5611,0.182
5612,0.172
5613,0.173
5614,0.172
5615,0.162
5616,0.174
5617,0.181
5618,0.163
5619,0.162
5620,0.163
5621,0.163
5622,0.174
5623,0.181
5624,0.162
5625,0.162
5626,0.16
5627,0.17
5628,0.171
5629,0.162
5630,0.162
5631,0.178
5632,0.173
5633,0.163
5634,0.162
5635,0.162
5636,0.173
5637,0.173
5638,0.162
5639,0.162
5640,0.177
5641,0.173
5642,0.175
5643,0.18
5644,0.161
5645,0.162
5646,0.184
5647,0.162
5648,0.178
5649,0.163
5650,0.163
5651,0.176
5652,0.181
5653,0.162
5654,0.162
5655,0.173
5656,0.162
5657,0.174
5658,0.162
5659,0.161
5660,0.174
5661,0.173
5662,0.162
5663,0.178
5664,0.161
5665,0.162
5666,0.163
5667,0.162
5668,0.162
5669,0.176
5670,0.163
5671,0.178
5672,0.173
5673,0.162
5674,0.162
5675,0.173
5676,0.173
5677,0.173
5678,0.163
5679,0.162
5680,0.174
5681,0.179
5682,0.165
5683,0.163
5684,0.173
5685,0.163
5686,0.173
5687,0.163
5688,0.162
5689,0.18
5690,0.177
5691,0.163
5692,0.18
5693,0.162
5694,0.162
5695,0.175
5696,0.176
5697,0.162
5698,0.172
5699,0.163
5700,0.173
5701,0.173
5702,0.162
5703,0.163
5704,0.173
5705,0.173
5706,0.173
5707,0.162
5708,0.163
5709,0.182
5710,0.175
5711,0.163
5712,0.162
5713,0.163
5714,0.163
5715,0.177
5716,0.173
5717,0.162
5718,0.173
5719,0.174
5720,0.171
5721,0.173
5722,0.164
5723,0.163
5724,0.182
5725,0.179
5726,0.163
5727,0.163
5728,0.163
5729,0.174
5730,0.174
5731,0.162
5732,0.162
5733,0.173
5734,0.177
5735,0.183
5736,0.182
5737,0.166
5738,0.175
5739,0.19
5740,0.163
5741,0.162
5742,0.163
5743,0.163
5744,0.174
5745,0.174
5746,0.163
5747,0.162
5748,0.173
5749,0.173
5750,0.181
5751,0.163
5752,0.162
5753,0.173
5754,0.173
5755,0.163
5756,0.163
5757,0.163
5758,0.162
5759,0.179
5760,0.168
5761,0.162
5762,0.182
5763,0.173
5764,0.182
5765,0.176
5766,0.162
5767,0.162
5768,0.173
5769,0.162
5770,0.163
5771,0.163
5772,0.217
5773,0.174
5774,0.179
5775,0.163
5776,0.163
5777,0.184
5778,0.163
5779,0.188
5780,0.163
5781,0.163
5782,0.182
5783,0.179
5784,0.163
5785,0.181
5786,0.162
5787,0.163
5788,0.174
5789,0.175
5790,0.163
5791,0.173
5792,0.163
5793,0.174
5794,0.173
5795,0.162
5796,0.162
5797,0.173
5798,0.174
5799,0.162
5800,0.169
5801,0.162
5802,0.175
5803,0.173
5804,0.163
5805,0.162
5806,0.173
5807,0.163
5808,0.179
5809,0.208
5810,0.161
5811,0.173
5812,0.175
5813,0.162
5814,0.173
5815,0.162
5816,0.161
5817,0.176
5818,0.173
5819,0.171
5820,0.173
5821,0.162
5822,0.174
5823,0.177
5824,0.162
5825,0.162
5826,0.173
5827,0.174
5828,0.181
5829,0.163
5830,0.163
5831,0.188
5832,0.174
5833,0.163
5834,0.162
5835,0.163
5836,0.162
5837,0.173
5838,0.174
5839,0.162
5840,0.162
5841,0.181
5842,0.173
5843,0.181
5844,0.162
5845,0.162
5846,0.178
5847,0.173
5848,0.163
5849,0.173
5850,0.161
5851,0.174
5852,0.174
5853,0.162
5854,0.162
5855,0.178
5856,0.163
5857,0.173
5858,0.172
5859,0.162
5860,0.177
5861,0.181
5862,0.163
5863,0.173
5864,0.163
5865,0.163
5866,0.173
5867,0.176
5868,0.163
5869,0.163
5870,0.173
5871,0.173
5872,0.181
5873,0.162
5874,0.163
5875,0.176
5876,0.173
5877,0.162
5878,0.182
5879,0.163
5880,0.163
5881,0.179
5882,0.208
5883,0.162
5884,0.174
5885,0.163
5886,0.175
5887,0.181
5888,0.16
5889,0.163
5890,0.173
5891,0.175
5892,0.174
5893,0.163
5894,0.163
5895,0.182
5896,0.174
5897,0.163
5898,0.162
5899,0.163
5900,0.163
5901,0.175
5902,0.162
5903,0.162
5904,0.175
5905,0.183
5906,0.164
5907,0.182
5908,0.162
5909,0.165
5910,0.175
5911,0.174
5912,0.163
5913,0.174
5914,0.163
5915,0.173
5916,0.175
5917,0.162
5918,0.162
5919,0.173
5920,0.18
5921,0.173
5922,0.173
5923,0.162
5924,0.182
5925,0.173
5926,0.166
5927,0.162
5928,0.166
5929,0.163
5930,0.173
5931,0.162
5932,0.162
5933,0.173
5934,0.179
5935,0.173
5936,0.173
5937,0.163
5938,0.162
5939,0.173
5940,0.173
5941,0.163
5942,0.162
5943,0.161
5944,0.174
5945,0.181
5946,0.162
5947,0.162
5948,0.174
5949,0.171
5950,0.173
5951,0.173
5952,0.162
5953,0.179
5954,0.177
5955,0.163
5956,0.163
5957,0.162
5958,0.162
5959,0.174
5960,0.184
5961,0.163
5962,0.163
5963,0.173
5964,0.173
5965,0.175
5966,0.163
5967,0.162
5968,0.175
5969,0.181
5970,0.162
5971,0.18
5972,0.162
5973,0.173
5974,0.175
5975,0.162
5976,0.163
5977,0.173
5978,0.163
5979,0.179
5980,0.173
5981,0.162
5982,0.162
5983,0.171
5984,0.162
5985,0.17
5986,0.162
5987,0.162
5988,0.179
5989,0.176
5990,0.161
5991,0.161
5992,0.173
5993,0.162
5994,0.174
5995,0.162
5996,0.162
5997,0.179
5998,0.174
5999,0.163
6000,0.182
6001,0.162
6002,0.179
6003,0.173
6004,0.173
6005,0.162
6006,0.175
6007,0.163
6008,0.174
6009,0.173
6010,0.162
6011,0.162
6012,0.175
6013,0.18
6014,0.173
6015,0.162
6016,0.162
6017,0.181
6018,0.173
6019,0.16
6020,0.162
6021,0.162
6022,0.162
6023,0.173
6024,0.173
6025,0.164
6026,0.173
6027,0.172
6028,0.174
6029,0.173
6030,0.162
6031,0.164
6032,0.173
6033,0.173
6034,0.163
6035,0.162
6036,0.163
6037,0.177
6038,0.173
6039,0.164
6040,0.162
6041,0.174
6042,0.172
6043,0.175
6044,0.173
6045,0.162
6046,0.172
6047,0.172
6048,0.162
6049,0.163
6050,0.162
6051,0.163
6052,0.173
6053,0.175
6054,0.162
6055,0.162
6056,0.173
6057,0.173
6058,0.172
6059,0.162
6060,0.163
6061,0.173
6062,0.173
6063,0.16
6064,0.173
6065,0.162
6066,0.162
6067,0.173
6068,0.162
6069,0.162
6070,0.175
6071,0.162
6072,0.173
6073,0.182
6074,0.162
6075,0.162
6076,0.173
6077,0.162
6078,0.173
6079,0.163
6080,0.161
6081,0.173
6082,0.17
6083,0.162
6084,0.162
6085,0.164
6086,0.173
6087,0.174
6088,0.162
6089,0.162
6090,0.173
6091,0.173
6092,0.162
6093,0.172
6094,0.162
6095,0.162
6096,0.172
6097,0.172
6098,0.161
6099,0.177
6100,0.161
6101,0.173
6102,0.173
6103,0.162
6104,0.162
6105,0.173
6106,0.173
6107,0.174
6108,0.162
6109,0.163
6110,0.173
6111,0.172
6112,0.163
6113,0.163
6114,0.184
6115,0.162
6116,0.182
6117,0.172
6118,0.163
6119,0.174
6120,0.173
6121,0.162
6122,0.182
6123,0.162
6124,0.162
6125,0.172
6126,0.179
6127,0.162
6128,0.204
6129,0.162
6130,0.177
6131,0.18
6132,0.162
6133,0.162
6134,0.178
6135,0.173
6136,0.173
6137,0.173
6138,0.162
6139,0.173
6140,0.176
6141,0.162
6142,0.162
6143,0.162
6144,0.162
6145,0.176
6146,0.198
6147,0.162
6148,0.175
6149,0.173
6150,0.173
6151,0.173
6152,0.163
6153,0.163
6154,0.18
6155,0.173
6156,0.164
6157,0.162
6158,0.162
6159,0.173
6160,0.175
6161,0.162
6162,0.16
6163,0.172
6164,0.174
6165,0.181
6166,0.173
6167,0.162
6168,0.185
6169,0.172
6170,0.162
6171,0.162
6172,0.163
6173,0.162
6174,0.179
6175,0.174
6176,0.162
6177,0.162
6178,0.172
6179,0.178
6180,0.172
6181,0.161
6182,0.198
6183,0.174
6184,0.176
6185,0.162
6186,0.162
6187,0.162
6188,0.18
6189,0.173
6190,0.158
6191,0.163
6192,0.174
6193,0.173
6194,0.175
6195,0.175
6196,0.162
6197,0.173
6198,0.172
6199,0.162
6200,0.162
6201,0.162
6202,0.163
6203,0.181
6204,0.181
6205,0.162
6206,0.163
6207,0.182
6208,0.162
6209,0.173
6210,0.162
6211,0.162
6212,0.173
6213,0.173
6214,0.162
6215,0.162
6216,0.162
6217,0.164
6218,0.173
6219,0.162
6220,0.162
6221,0.178
6222,0.175
6223,0.172
6224,0.173
6225,0.162
6226,0.162
6227,0.177
6228,0.172
6229,0.162
6230,0.162
6231,0.162
6232,0.174
6233,0.173
6234,0.159
6235,0.162
6236,0.177
6237,0.173
6238,0.173
6239,0.162
6240,0.161
6241,0.174
6242,0.18
6243,0.162
6244,0.162
6245,0.162
6246,0.162
6247,0.175
6248,0.173
6249,0.162
6250,0.162
6251,0.174
6252,0.173
6253,0.176
6254,0.162
6255,0.162
6256,0.173
6257,0.174
6258,0.162
6259,0.162
6260,0.161
6261,0.173
6262,0.173
6263,0.162
6264,0.162
6265,0.173
6266,0.181
6267,0.173
6268,0.171
6269,0.162
6270,0.162
6271,0.173
6272,0.163
6273,0.161
6274,0.162
6275,0.162
6276,0.173
6277,0.173
6278,0.162
6279,0.162
6280,0.179
6281,0.173
6282,0.181
6283,0.163
6284,0.164
6285,0.174
6286,0.174
6287,0.164
6288,0.164
6289,0.163
6290,0.163
6291,0.182
6292,0.163
6293,0.163
6294,0.173
6295,0.173
6296,0.174
6297,0.177
6298,0.162
6299,0.16
6300,0.173
6301,0.172
6302,0.162
6303,0.161
6304,0.162
6305,0.184
6306,0.18
6307,0.162
6308,0.188
6309,0.174
6310,0.172
6311,0.173
6312,0.162
6313,0.162
6314,0.173
6315,0.173
6316,0.162
6317,0.162
6318,0.162
6319,0.162
6320,0.18
6321,0.177
6322,0.161
6323,0.18
6324,0.177
6325,0.176
6326,0.18
6327,0.162
6328,0.162
6329,0.172
6330,0.176
6331,0.171
6332,0.162
6333,0.16
6334,0.172
6335,0.173
6336,0.162
6337,0.162
6338,0.173
6339,0.18
6340,0.171
6341,0.173
6342,0.162
6343,0.173
6344,0.172
6345,0.162
6346,0.162
6347,0.162
6348,0.163
6349,0.175
6350,0.162
6351,0.161
6352,0.175
6353,0.174
6354,0.173
6355,0.173
6356,0.162
6357,0.162
6358,0.174
6359,0.172
6360,0.162
6361,0.162
6362,0.162
6363,0.182
6364,0.181
6365,0.161
6366,0.162
6367,0.276
6368,0.173
6369,0.173
6370,0.182
6371,0.162
6372,0.173
6373,0.173
6374,0.162
6375,0.163
6376,0.162
6377,0.162
6378,0.173
6379,0.173
6380,0.162
6381,0.162
6382,0.178
6383,0.173
6384,0.177
6385,0.162
6386,0.163
6387,0.181
6388,0.173
6389,0.161
6390,0.162
6391,0.162
6392,0.162
6393,0.173
6394,0.161
6395,0.162
6396,0.172
6397,0.174
6398,0.173
6399,0.173
6400,0.162
6401,0.162
6402,0.173
6403,0.163
6404,0.163
6405,0.162
6406,0.163
6407,0.173
6408,0.191
6409,0.162
6410,0.161
6411,0.178
6412,0.161
6413,0.181
6414,0.162
6415,0.162
6416,0.18
6417,0.173
6418,0.162
6419,0.172
6420,0.163
6421,0.162
6422,0.174
6423,0.173
6424,0.162
6425,0.181
6426,0.172
6427,0.173
6428,0.17
6429,0.163
6430,0.183
6431,0.173
6432,0.173
6433,0.162
6434,0.162
6435,0.162
6436,0.172
6437,0.183
6438,0.161
6439,0.162
6440,0.173
6441,0.162
6442,0.172
6443,0.173
6444,0.162
6445,0.186
6446,0.173
6447,0.163
6448,0.173
6449,0.162
6450,0.162
6451,0.18
6452,0.173
6453,0.161
6454,0.172
6455,0.162
6456,0.181
6457,0.172
6458,0.17
6459,0.163
6460,0.18
6461,0.173
6462,0.166
6463,0.161
6464,0.161
6465,0.172
6466,0.177
6467,0.161
6468,0.163
6469,0.174
6470,0.163
6471,0.181
6472,0.183
6473,0.163
6474,0.173
6475,0.181
6476,0.162
6477,0.174
6478,0.162
6479,0.163
6480,0.184
6481,0.173
6482,0.164
6483,0.162
6484,0.162
6485,0.173
6486,0.173
6487,0.162
6488,0.162
6489,0.173
6490,0.173
6491,0.182
6492,0.173
6493,0.162
6494,0.162
6495,0.175
6496,0.164
6497,0.162
6498,0.162
6499,0.162
6500,0.177
6501,0.173
6502,0.163
6503,0.162
6504,0.173
6505,0.181
6506,0.173
6507,0.162
6508,0.162
6509,0.173
6510,0.174
6511,0.162
6512,0.173
6513,0.162
6514,0.162
6515,0.182
6516,0.162
6517,0.163
6518,0.173
6519,0.17
6520,0.173
6521,0.18
6522,0.162
6523,0.162
6524,0.175
6525,0.173
6526,0.161
6527,0.162
6528,0.162
6529,0.173
6530,0.181
6531,0.162
6532,0.162
6533,0.174
6534,0.162
6535,0.173
6536,0.161
6537,0.162
6538,0.172
6539,0.173
6540,0.162
6541,0.176
6542,0.162
6543,0.162
6544,0.206
6545,0.174
6546,0.162
6547,0.173
6548,0.162
6549,0.173
6550,0.175
6551,0.163
6552,0.163
6553,0.177
6554,0.173
6555,0.177
6556,0.162
6557,0.184
6558,0.174
6559,0.176
6560,0.163
6561,0.162
6562,0.163
6563,0.163
6564,0.173
6565,0.171
6566,0.162
6567,0.173
6568,0.175
6569,0.162
6570,0.173
6571,0.162
6572,0.162
6573,0.179
6574,0.178
6575,0.161
6576,0.172
6577,0.161
6578,0.179
6579,0.176
6580,0.163
6581,0.161
6582,0.172
6583,0.172
6584,0.174
6585,0.181
6586,0.161
6587,0.182
6588,0.173
6589,0.162
6590,0.162
6591,0.161
6592,0.161
6593,0.182
6594,0.172
6595,0.162
6596,0.162
6597,0.178
6598,0.173
6599,0.175
6600,0.161
6601,0.177
6602,0.178
6603,0.172
6604,0.162
6605,0.163
6606,0.162
6607,0.161
6608,0.175
6609,0.162
6610,0.162
6611,0.173
6612,0.18
6613,0.173
6614,0.177
6615,0.162
6616,0.162
6617,0.172
6618,0.162
6619,0.164
6620,0.163
6621,0.163
6622,0.173
6623,0.177
6624,0.162
6625,0.162
6626,0.175
6627,0.162
6628,0.181
6629,0.159
6630,0.162
6631,0.178
6632,0.172
6633,0.163
6634,0.179
6635,0.162
6636,0.163
6637,0.192
6638,0.162
6639,0.162
6640,0.181
6641,0.162
6642,0.181
6643,0.175
6644,0.162
6645,0.162
6646,0.173
6647,0.163
6648,0.172
6649,0.162
6650,0.162
6651,0.177
6652,0.174
6653,0.162
6654,0.163
6655,0.173
6656,0.164
6657,0.173
6658,0.181
6659,0.163
6660,0.177
6661,0.175
6662,0.184
6663,0.182
6664,0.164
6665,0.164
6666,0.173
6667,0.173
6668,0.162
6669,0.173
6670,0.163
6671,0.174
6672,0.173
6673,0.159
6674,0.162
6675,0.176
6676,0.174
6677,0.175
6678,0.173
6679,0.163
6680,0.183
6681,0.181
6682,0.164
6683,0.163
6684,0.172
6685,0.163
6686,0.176
6687,0.18
6688,0.162
6689,0.174
6690,0.175
6691,0.175
6692,0.178
6693,0.172
6694,0.163
6695,0.174
6696,0.173
6697,0.162
6698,0.172
6699,0.162
6700,0.173
6701,0.182
6702,0.162
6703,0.163
6704,0.173
6705,0.162
6706,0.177
6707,0.173
6708,0.162
6709,0.17
6710,0.177
6711,0.163
6712,0.162
6713,0.162
6714,0.163
6715,0.173
6716,0.18
6717,0.163
6718,0.163
6719,0.175
6720,0.174
6721,0.174
6722,0.162
6723,0.163
6724,0.175
6725,0.182
6726,0.165
6727,0.179
6728,0.163
6729,0.174
6730,0.174
6731,0.164
6732,0.164
6733,0.174
6734,0.163
6735,0.174
6736,0.183
6737,0.162
6738,0.162
6739,0.179
6740,0.162
6741,0.172
6742,0.162
6743,0.162
6744,0.193
6745,0.173
6746,0.162
6747,0.162
6748,0.162
6749,0.173
6750,0.194
6751,0.162
6752,0.161
6753,0.174
6754,0.174
6755,0.171
6756,0.182
6757,0.162
6758,0.162
6759,0.173
6760,0.163
6761,0.163
6762,0.163
6763,0.163
6764,0.183
6765,0.173
6766,0.162
6767,0.162
6768,0.173
6769,0.173
6770,0.173
6771,0.164
6772,0.165
6773,0.174
6774,0.174
6775,0.163
6776,0.162
6777,0.162
6778,0.163
6779,0.173
6780,0.162
6781,0.163
6782,0.182
6783,0.174
6784,0.181
6785,0.181
6786,0.163
6787,0.165
6788,0.174
6789,0.177
6790,0.162
6791,0.162
6792,0.162
6793,0.173
6794,0.181
6795,0.162
6796,0.162
6797,0.173
6798,0.162
6799,0.182
6800,0.164
6801,0.162
6802,0.175
6803,0.179
6804,0.161
6805,0.163
6806,0.164
6807,0.162
6808,0.173
6809,0.174
6810,0.165
6811,0.173
6812,0.173
6813,0.174
6814,0.173
6815,0.161
6816,0.162
6817,0.173
6818,0.179
6819,0.163
6820,0.174
6821,0.162
6822,0.176
6823,0.183
6824,0.162
6825,0.163
6826,0.176
6827,0.162
6828,0.173
6829,0.174
6830,0.161
6831,0.162
6832,0.173
6833,0.163
6834,0.173
6835,0.162
6836,0.162
6837,0.18
6838,0.186
6839,0.162
6840,0.161
6841,0.172
6842,0.175
6843,0.173
6844,0.165
6845,0.162
6846,0.177
6847,0.174
6848,0.162
6849,0.179
6850,0.165
6851,0.165
6852,0.173
6853,0.162
6854,0.162
6855,0.173
6856,0.162
6857,0.174
6858,0.175
6859,0.162
6860,0.163
6861,0.199
6862,0.173
6863,0.173
6864,0.162
6865,0.162
6866,0.173
6867,0.182
6868,0.162
6869,0.163
6870,0.161
6871,0.163
6872,0.173
6873,0.162
6874,0.163
6875,0.22
6876,0.18
6877,0.162
6878,0.173
6879,0.162
6880,0.162
6881,0.173
6882,0.174
6883,0.162
6884,0.173
6885,0.162
6886,0.173
6887,0.18
6888,0.162
6889,0.16
6890,0.176
6891,0.172
6892,0.176
6893,0.162
6894,0.162
6895,0.182
6896,0.173
6897,0.162
6898,0.162
6899,0.162
6900,0.161
6901,0.181
6902,0.173
6903,0.164
6904,0.173
6905,0.173
6906,0.172
6907,0.178
6908,0.163
6909,0.174
6910,0.173
6911,0.179
6912,0.162
6913,0.162
6914,0.162
6915,0.181
6916,0.173
6917,0.162
6918,0.162
6919,0.173
6920,0.172
6921,0.178
6922,0.175
6923,0.162
6924,0.172
6925,0.178
6926,0.162
6927,0.162
6928,0.162
6929,0.161
6930,0.179
6931,0.195
6932,0.162
6933,0.162
6934,0.172
6935,0.19
6936,0.178
6937,0.158
6938,0.162
6939,0.179
6940,0.177
6941,0.163
6942,0.163
6943,0.162
6944,0.162
6945,0.173
6946,0.162
6947,0.161
6948,0.204
6949,0.173
6950,0.173
6951,0.173
6952,0.162
6953,0.183
6954,0.173
6955,0.162
6956,0.163
6957,0.162
6958,0.162
6959,0.173
6960,0.173
6961,0.162
6962,0.162
6963,0.173
6964,0.172
6965,0.173
6966,0.209
6967,0.163
6968,0.179
6969,0.173
6970,0.162
6971,0.162
6972,0.163
6973,0.162
6974,0.174
6975,0.173
6976,0.162
6977,0.174
6978,0.173
6979,0.178
6980,0.173
6981,0.17
6982,0.163
6983,0.176
6984,0.174
6985,0.163
6986,0.162
6987,0.163
6988,0.173
6989,0.173
6990,0.162
6991,0.162
6992,0.18
6993,0.162
6994,0.173
6995,0.162
6996,0.159
6997,0.17
6998,0.171
6999,0.162
7000,0.163
7001,0.161
7002,0.161
7003,0.172
7004,0.18
7005,0.161
7006,0.172
7007,0.172
7008,0.177
7009,0.177
7010,0.162
7011,0.194
7012,0.173
7013,0.173
7014,0.162
7015,0.173
7016,0.162
7017,0.179
7018,0.174
7019,0.163
7020,0.162
7021,0.181
7022,0.161
7023,0.18
7024,0.172
7025,0.161
7026,0.173
7027,0.173
7028,0.162
7029,0.173
7030,0.18
7031,0.162
7032,0.174
7033,0.173
7034,0.16
7035,0.162
7036,0.163
7037,0.179
7038,0.173
7039,0.162
7040,0.163
7041,0.174
7042,0.181
7043,0.162
7044,0.175
7045,0.163
7046,0.172
7047,0.181
7048,0.162
7049,0.162
7050,0.173
7051,0.162
7052,0.173
7053,0.179
7054,0.162
7055,0.2
7056,0.173
7057,0.166
7058,0.173
7059,0.162
7060,0.161
7061,0.174
7062,0.172
7063,0.163
7064,0.162
7065,0.161
7066,0.162
7067,0.172
7068,0.162
7069,0.162
7070,0.173
7071,0.173
7072,0.162
7073,0.173
7074,0.169
7075,0.162
7076,0.178
7077,0.172
7078,0.162
7079,0.173
7080,0.164
7081,0.179
7082,0.173
7083,0.162
7084,0.165
7085,0.172
7086,0.177
7087,0.173
7088,0.163
7089,0.162
7090,0.18
7091,0.178
7092,0.162
7093,0.162
7094,0.162
7095,0.162
7096,0.172
7097,0.189
7098,0.162
7099,0.173
7100,0.175
7101,0.162
7102,0.173
7103,0.162
7104,0.162
7105,0.174
7106,0.173
7107,0.162
7108,0.172
7109,0.162
7110,0.172
7111,0.18
7112,0.162
7113,0.162
7114,0.177
7115,0.18
7116,0.173
7117,0.18
7118,0.158
7119,0.174
7120,0.182
7121,0.162
7122,0.162
7123,0.161
7124,0.162
7125,0.173
7126,0.175
7127,0.162
7128,0.162
7129,0.18
7130,0.162
7131,0.173
7132,0.162
7133,0.162
7134,0.173
7135,0.176
7136,0.161
7137,0.167
7138,0.162
7139,0.162
7140,0.173
7141,0.162
7142,0.162
7143,0.172
7144,0.172
7145,0.174
7146,0.174
7147,0.162
7148,0.159
7149,0.176
7150,0.162
7151,0.162
7152,0.163
7153,0.162
7154,0.172
7155,0.177
7156,0.162
7157,0.162
7158,0.18
7159,0.173
7160,0.173
7161,0.162
7162,0.162
7163,0.172
7164,0.18
7165,0.163
7166,0.162
7167,0.161
7168,0.162
7169,0.177
7170,0.174
7171,0.165
7172,0.18
7173,0.176
7174,0.172
7175,0.173
7176,0.161
7177,0.162
7178,0.173
7179,0.181
7180,0.161
7181,0.176
7182,0.161
7183,0.173
7184,0.173
7185,0.162
7186,0.161
7187,0.173
7188,0.171
7189,0.172
7190,0.173
7191,0.162
7192,0.173
7193,0.172
7194,0.162
7195,0.162
7196,0.162
7197,0.162
7198,0.177
7199,0.174
7200,0.162
7201,0.179
7202,0.174
7203,0.172
7204,0.173
7205,0.162
7206,0.162
7207,0.173
7208,0.177
7209,0.165
7210,0.168
7211,0.163
7212,0.163
7213,0.182
7214,0.162
7215,0.163
7216,0.174
7217,0.173
7218,0.174
7219,0.175
7220,0.162
7221,0.163
7222,0.175
7223,0.163
7224,0.164
7225,0.163
7226,0.163
7227,0.174
7228,0.193
7229,0.163
7230,0.163
7231,0.173
7232,0.163
7233,0.174
7234,0.163
7235,0.162
7236,0.174
7237,0.173
7238,0.163
7239,0.174
7240,0.163
7241,0.162
7242,0.181
7243,0.166
7244,0.162
7245,0.175
7246,0.163
7247,0.174
7248,0.178
7249,0.194
7250,0.16
7251,0.199
7252,0.18
7253,0.163
7254,0.163
7255,0.163
7256,0.174
7257,0.183
7258,0.163
7259,0.163
7260,0.173
7261,0.175
7262,0.173
7263,0.162
7264,0.162
7265,0.173
7266,0.173
7267,0.163
7268,0.173
7269,0.162
7270,0.162
7271,0.18
7272,0.173
7273,0.162
7274,0.174
7275,0.163
7276,0.176
7277,0.174
7278,0.164
7279,0.163
7280,0.177
7281,0.173
7282,0.163
7283,0.173
7284,0.162
7285,0.172
7286,0.176
7287,0.162
7288,0.162
7289,0.174
7290,0.162
7291,0.177
7292,0.175
7293,0.161
7294,0.172
7295,0.173
7296,0.162
7297,0.173
7298,0.162
7299,0.162
7300,0.173
7301,0.171
7302,0.163
7303,0.168
7304,0.162
7305,0.179
7306,0.173
7307,0.162
7308,0.162
7309,0.173
7310,0.172
7311,0.178
7312,0.173
7313,0.162
7314,0.162
7315,0.171
7316,0.163
7317,0.163
7318,0.162
7319,0.162
7320,0.18
7321,0.173
7322,0.162
7323,0.163
7324,0.176
7325,0.173
7326,0.178
7327,0.162
7328,0.162
7329,0.184
7330,0.172
7331,0.162
7332,0.163
7333,0.162
7334,0.162
7335,0.174
7336,0.162
7337,0.161
7338,0.173
7339,0.181
7340,0.173
7341,0.172
7342,0.162
7343,0.162
7344,0.173
7345,0.162
7346,0.162
7347,0.162
7348,0.162
7349,0.178
7350,0.173
7351,0.162
7352,0.163
7353,0.182
7354,0.174
7355,0.179
7356,0.219
7357,0.162
7358,0.177
7359,0.173
7360,0.164
7361,0.173
7362,0.162
7363,0.162
7364,0.18
7365,0.173
7366,0.173
7367,0.173
7368,0.163
7369,0.175
7370,0.173
7371,0.162
7372,0.162
7373,0.173
7374,0.163
7375,0.162
7376,0.163
7377,0.162
7378,0.173
7379,0.172
7380,0.161
7381,0.163
7382,0.173
7383,0.162
7384,0.173
7385,0.173
7386,0.162
7387,0.173
7388,0.173
7389,0.162
7390,0.174
7391,0.162
7392,0.168
7393,0.177
7394,0.174
7395,0.162
7396,0.163
7397,0.162
7398,0.182
7399,0.173
7400,0.163
7401,0.184
7402,0.173
7403,0.173
7404,0.173
7405,0.179
7406,0.163
7407,0.176
7408,0.175
7409,0.161
7410,0.163
7411,0.164
7412,0.162
7413,0.173
7414,0.173
7415,0.162
7416,0.173
7417,0.173
7418,0.173
7419,0.173
7420,0.162
7421,0.162
7422,0.173
7423,0.175
7424,0.162
7425,0.162
7426,0.16
7427,0.174
7428,0.172
7429,0.162
7430,0.173
7431,0.173
7432,0.18
7433,0.173
7434,0.177
7435,0.162
7436,0.174
7437,0.178
7438,0.163
7439,0.163
7440,0.195
7441,0.183
7442,0.174
7443,0.163
7444,0.162
7445,0.175
7446,0.177
7447,0.173
7448,0.176
7449,0.163
7450,0.162
7451,0.173
7452,0.173
7453,0.163
7454,0.173
7455,0.162
7456,0.162
7457,0.173
7458,0.162
7459,0.163
7460,0.174
7461,0.162
7462,0.17
7463,0.178
7464,0.162
7465,0.173
7466,0.178
7467,0.163
7468,0.173
7469,0.163
7470,0.162
7471,0.183
7472,0.174
7473,0.163
7474,0.163
7475,0.162
7476,0.162
7477,0.174
7478,0.163
7479,0.163
7480,0.18
7481,0.173
7482,0.175
7483,0.174
7484,0.162
7485,0.162
7486,0.177
7487,0.163
7488,0.161
7489,0.163
7490,0.163
7491,0.174
7492,0.174
7493,0.163
7494,0.164
7495,0.172
7496,0.173
7497,0.173
7498,0.162
7499,0.162
7500,0.173
7501,0.174
7502,0.163
7503,0.162
7504,0.163
7505,0.163
7506,0.178
7507,0.163
7508,0.165
7509,0.173
7510,0.182
7511,0.173
7512,0.173
7513,0.162
7514,0.164
7515,0.173
7516,0.181
7517,0.162
7518,0.162
7519,0.162
7520,0.173
7521,0.176
7522,0.163
7523,0.163
7524,0.173
7525,0.163
7526,0.175
7527,0.163
7528,0.162
7529,0.173
7530,0.174
7531,0.162
7532,0.173
7533,0.162
7534,0.162
7535,0.17
7536,0.173
7537,0.162
7538,0.173
7539,0.162
7540,0.173
7541,0.177
7542,0.164
7543,0.163
7544,0.173
7545,0.172
7546,0.164
7547,0.181
7548,0.163
7549,0.174
7550,0.182
7551,0.162
7552,0.162
7553,0.173
7554,0.162
7555,0.173
7556,0.176
7557,0.162
7558,0.163
7559,0.173
7560,0.162
7561,0.173
7562,0.162
7563,0.16
7564,0.173
7565,0.173
7566,0.163
7567,0.162
7568,0.162
7569,0.173
7570,0.173
7571,0.163
7572,0.162
7573,0.181
7574,0.173
7575,0.182
7576,0.173
7577,0.163
7578,0.173
7579,0.173
7580,0.164
7581,0.162
7582,0.16
7583,0.162
7584,0.173
7585,0.176
7586,0.164
7587,0.163
7588,0.173
7589,0.173
7590,0.173
7591,0.163
7592,0.162
7593,0.174
7594,0.181
7595,0.162
7596,0.178
7597,0.164
7598,0.162
7599,0.187
7600,0.162
7601,0.163
7602,0.173
7603,0.162
7604,0.176
7605,0.175
7606,0.162
7607,0.162
7608,0.175
7609,0.176
7610,0.172
7611,0.162
7612,0.162
7613,0.182
7614,0.172
7615,0.163
7616,0.163
7617,0.162
7618,0.162
7619,0.174
7620,0.173
7621,0.163
7622,0.179
7623,0.174
7624,0.162
7625,0.173
7626,0.162
7627,0.163
7628,0.18
7629,0.173
7630,0.163
7631,0.182
7632,0.162
7633,0.176
7634,0.173
7635,0.163
7636,0.162
7637,0.173
7638,0.174
7639,0.174
7640,0.162
7641,0.163
7642,0.185
7643,0.172
7644,0.163
7645,0.163
7646,0.162
7647,0.16
7648,0.181
7649,0.175
7650,0.162
7651,0.18
7652,0.174
7653,0.172
7654,0.173
7655,0.162
7656,0.162
7657,0.177
7658,0.173
7659,0.162
7660,0.16
7661,0.18
7662,0.173
7663,0.182
7664,0.163
7665,0.163
7666,0.178
7667,0.18
7668,0.173
7669,0.173
7670,0.163
7671,0.179
7672,0.173
7673,0.164
7674,0.164
7675,0.163
7676,0.163
7677,0.175
7678,0.183
7679,0.16
7680,0.163
7681,0.173
7682,0.182
7683,0.174
7684,0.163
7685,0.163
7686,0.173
7687,0.175
7688,0.162
7689,0.174
7690,0.162
7691,0.173
7692,0.172
7693,0.182
7694,0.163
7695,0.181
7696,0.158
7697,0.175
7698,0.172
7699,0.162
7700,0.162
7701,0.172
7702,0.162
7703,0.162
7704,0.162
7705,0.162
7706,0.172
7707,0.173
7708,0.162
7709,0.173
7710,0.163
7711,0.181
7712,0.173
7713,0.169
7714,0.162
7715,0.171
7716,0.174
7717,0.163
7718,0.174
7719,0.162
7720,0.162
7721,0.173
7722,0.162
7723,0.162
7724,0.172
7725,0.161
7726,0.18
7727,0.173
7728,0.162
7729,0.163
7730,0.179
7731,0.162
7732,0.181
7733,0.162
7734,0.162
7735,0.183
7736,0.175
7737,0.162
7738,0.162
7739,0.162
7740,0.166
7741,0.173
7742,0.162
7743,0.162
7744,0.173
7745,0.173
7746,0.176
7747,0.172
7748,0.161
7749,0.162
7750,0.179
7751,0.161
7752,0.162
7753,0.162
7754,0.162
7755,0.173
7756,0.182
7757,0.163
7758,0.162
7759,0.175
7760,0.164
7761,0.173
7762,0.162
7763,0.162
7764,0.175
7765,0.179
7766,0.162
7767,0.163
7768,0.162
7769,0.162
7770,0.173
7771,0.162
7772,0.163
7773,0.178
7774,0.172
7775,0.179
7776,0.185
7777,0.163
7778,0.162
7779,0.172
7780,0.18
7781,0.163
7782,0.162
7783,0.163
7784,0.173
7785,0.18
7786,0.162
7787,0.162
7788,0.177
7789,0.162
7790,0.179
7791,0.162
7792,0.162
7793,0.173
7794,0.172
7795,0.162
7796,0.173
7797,0.162
7798,0.162
7799,0.183
7800,0.18
7801,0.162
7802,0.173
7803,0.162
7804,0.173
7805,0.173
7806,0.162
7807,0.163
7808,0.177
7809,0.179
7810,0.17
7811,0.172
7812,0.162
7813,0.172
7814,0.173
7815,0.162
7816,0.162
7817,0.162
7818,0.162
7819,0.172
7820,0.172
7821,0.162
7822,0.173
7823,0.181
7824,0.162
7825,0.181
7826,0.162
7827,0.161
7828,0.173
7829,0.181
7830,0.162
7831,0.162
7832,0.162
7833,0.173
7834,0.173
7835,0.162
7836,0.163
7837,0.181
7838,0.173
7839,0.178
7840,0.173
7841,0.162
7842,0.174
7843,0.181
7844,0.177
7845,0.163
7846,0.163
7847,0.162
7848,0.172
7849,0.179
7850,0.164
7851,0.162
7852,0.181
7853,0.176
7854,0.173
7855,0.163
7856,0.162
7857,0.172
7858,0.177
7859,0.163
7860,0.174
7861,0.162
7862,0.181
7863,0.174
7864,0.162
7865,0.163
7866,0.173
7867,0.163
7868,0.173
7869,0.173
7870,0.162
7871,0.16
7872,0.173
7873,0.162
7874,0.179
7875,0.162
7876,0.163
7877,0.174
7878,0.173
7879,0.162
7880,0.163
7881,0.163
7882,0.174
7883,0.182
7884,0.161
7885,0.162
7886,0.173
7887,0.173
7888,0.168
7889,0.174
7890,0.162
7891,0.162
7892,0.173
7893,0.163
7894,0.162
7895,0.162
7896,0.162
7897,0.18
7898,0.173
7899,0.162
7900,0.163
7901,0.174
7902,0.18
7903,0.173
7904,0.162
7905,0.164
7906,0.173
7907,0.172
7908,0.163
7909,0.163
7910,0.163
7911,0.163
7912,0.173
7913,0.163
7914,0.163
7915,0.174
7916,0.177
7917,0.18
7918,0.173
7919,0.163
7920,0.221
7921,0.175
7922,0.172
7923,0.162
7924,0.162
7925,0.162
7926,0.174
7927,0.177
7928,0.163
7929,0.162
7930,0.173
7931,0.162
7932,0.172
7933,0.159
7934,0.162
7935,0.169
7936,0.176
7937,0.162
7938,0.163
7939,0.163
7940,0.162
7941,0.179
7942,0.179
7943,0.163
7944,0.173
7945,0.173
7946,0.173
7947,0.182
7948,0.162
7949,0.163
7950,0.176
7951,0.173
7952,0.162
7953,0.16
7954,0.162
7955,0.18
7956,0.181
7957,0.163
7958,0.162
7959,0.18
7960,0.208
7961,0.173
7962,0.184
7963,0.162
7964,0.177
7965,0.193
7966,0.162
7967,0.174
7968,0.162
7969,0.162
7970,0.173
7971,0.173
7972,0.163
7973,0.18
7974,0.163
7975,0.177
7976,0.174
7977,0.162
7978,0.163
7979,0.181
7980,0.173
7981,0.175
7982,0.173
7983,0.162
7984,0.183
7985,0.176
7986,0.163
7987,0.163
7988,0.163
7989,0.163
7990,0.173
7991,0.174
7992,0.163
7993,0.173
7994,0.176
7995,0.173
7996,0.175
7997,0.162
7998,0.163
7999,0.173
8000,0.174
8001,0.163
8002,0.163
8003,0.163
8004,0.173
8005,0.175
8006,0.162
8007,0.163
8008,0.173
8009,0.173
8010,0.174
8011,0.174
8012,0.163
8013,0.163
8014,0.171
8015,0.163
8016,0.163
8017,0.161
8018,0.162
8019,0.175
8020,0.174
8021,0.163
8022,0.162
8023,0.162
8024,0.173
8025,0.175
8026,0.163
8027,0.162
8028,0.176
8029,0.181
8030,0.162
8031,0.173
8032,0.163
8033,0.162
8034,0.174
8035,0.163
8036,0.176
8037,0.172
8038,0.165
8039,0.174
8040,0.174
8041,0.162
8042,0.166
8043,0.178
8044,0.162
8045,0.172
8046,0.162
8047,0.162
8048,0.173
8049,0.174
8050,0.163
8051,0.162
8052,0.161
8053,0.161
8054,0.173
8055,0.173
8056,0.162
8057,0.172
8058,0.177
8059,0.172
8060,0.173
8061,0.162
8062,0.162
8063,0.172
8064,0.17
8065,0.163
8066,0.162
8067,0.162
8068,0.173
8069,0.182
8070,0.168
8071,0.162
8072,0.169
8073,0.162
8074,0.179
8075,0.173
8076,0.162
8077,0.172
8078,0.173
8079,0.163
8080,0.173
8081,0.162
8082,0.176
8083,0.188
8084,0.173
8085,0.162
8086,0.172
8087,0.162
8088,0.174
8089,0.173
8090,0.163
8091,0.163
8092,0.177
8093,0.173
8094,0.182
8095,0.198
8096,0.162
8097,0.177
8098,0.172
8099,0.162
8100,0.162
8101,0.161
8102,0.161
8103,0.17
8104,0.191
8105,0.17
8106,0.171
8107,0.173
8108,0.176
8109,0.172
8110,0.165
8111,0.161
8112,0.173
8113,0.172
8114,0.161
8115,0.172
8116,0.164
8117,0.179
8118,0.177
8119,0.162
8120,0.162
8121,0.18
8122,0.161
8123,0.172
8124,0.172
8125,0.162
8126,0.172
8127,0.177
8128,0.162
8129,0.172
8130,0.162
8131,0.162
8132,0.183
8133,0.173
8134,0.162
8135,0.166
8136,0.162
8137,0.162
8138,0.172
8139,0.164
8140,0.162
8141,0.172
8142,0.173
8143,0.172
8144,0.173
8145,0.161
8146,0.162
8147,0.18
8148,0.162
8149,0.163
8150,0.162
8151,0.162
8152,0.173
8153,0.189
8154,0.162
8155,0.162
8156,0.176
8157,0.162
8158,0.173
8159,0.162
8160,0.162
8161,0.173
8162,0.181
8163,0.162
8164,0.175
8165,0.162
8166,0.163
8167,0.19
8168,0.162
8169,0.162
8170,0.173
8171,0.162
8172,0.178
8173,0.171
8174,0.162
8175,0.16
8176,0.176
8177,0.173
8178,0.18
8179,0.162
8180,0.162
8181,0.174
8182,0.181
8183,0.162
8184,0.162
8185,0.162
8186,0.161
8187,0.173
8188,0.179
8189,0.162
8190,0.174
8191,0.181
8192,0.169
8193,0.176
8194,0.161
8195,0.161
8196,0.173
8197,0.172
8198,0.162
8199,0.162
8200,0.161
8201,0.177
8202,0.183
8203,0.161
8204,0.161
8205,0.177
8206,0.161
8207,0.179
8208,0.172
8209,0.164
8210,0.179
8211,0.172
8212,0.162
8213,0.177
8214,0.161
8215,0.164
8216,0.183
8217,0.172
8218,0.162
8219,0.172
8220,0.162
8221,0.173
8222,0.174
8223,0.162
8224,0.162
8225,0.172
8226,0.171
8227,0.177
8228,0.162
8229,0.162
8230,0.173
8231,0.173
8232,0.162
8233,0.162
8234,0.161
8235,0.161
8236,0.172
8237,0.162
8238,0.162
8239,0.173
8240,0.181
8241,0.173
8242,0.181
8243,0.161
8244,0.162
8245,0.172
8246,0.18
8247,0.162
8248,0.172
8249,0.161
8250,0.174
8251,0.184
8252,0.162
8253,0.16
8254,0.172
8255,0.159
8256,0.172
8257,0.177
8258,0.162
8259,0.174
8260,0.177
8261,0.162
8262,0.173
8263,0.162
8264,0.162
8265,0.182
8266,0.173
8267,0.162
8268,0.162
8269,0.162
8270,0.173
8271,0.174
8272,0.162
8273,0.163
8274,0.173
8275,0.172
8276,0.173
8277,0.177
8278,0.162
8279,0.178
8280,0.172
8281,0.16
8282,0.162
8283,0.165
8284,0.162
8285,0.182
8286,0.174
8287,0.162
8288,0.162
8289,0.176
8290,0.173
8291,0.212
8292,0.162
8293,0.162
8294,0.172
8295,0.179
8296,0.162
8297,0.173
8298,0.162
8299,0.162
8300,0.182
8301,0.161
8302,0.161
8303,0.172
8304,0.161
8305,0.179
8306,0.182
8307,0.162
8308,0.162
8309,0.172
8310,0.161
8311,0.173
8312,0.161
8313,0.161
8314,0.179
8315,0.175
8316,0.162
8317,0.162
8318,0.162
8319,0.162
8320,0.173
8321,0.173
8322,0.162
8323,0.173
8324,0.172
8325,0.172
8326,0.177
8327,0.163
8328,0.162
8329,0.173
8330,0.162
8331,0.162
8332,0.161
8333,0.162
8334,0.172
8335,0.183
8336,0.162
8337,0.161
8338,0.174
8339,0.162
8340,0.173
8341,0.162
8342,0.162
8343,0.173
8344,0.17
8345,0.162
8346,0.174
8347,0.162
8348,0.162
8349,0.183
8350,0.171
8351,0.163
8352,0.173
8353,0.162
8354,0.175
8355,0.173
8356,0.163
8357,0.163
8358,0.173
8359,0.173
8360,0.175
8361,0.162
8362,0.161
8363,0.18
8364,0.177
8365,0.162
8366,0.162
8367,0.164
8368,0.163
8369,0.179
8370,0.162
8371,0.162
8372,0.173
8373,0.172
8374,0.182
8375,0.173
8376,0.162
8377,0.162
8378,0.181
8379,0.173
8380,0.159
8381,0.163
8382,0.163
8383,0.173
8384,0.204
8385,0.163
8386,0.162
8387,0.182
8388,0.162
8389,0.182
8390,0.162
8391,0.162
8392,0.173
8393,0.173
8394,0.162
8395,0.175
8396,0.162
8397,0.163
8398,0.184
8399,0.173
8400,0.162
8401,0.172
8402,0.162
8403,0.173
8404,0.173
8405,0.162
8406,0.162
8407,0.173
8408,0.173
8409,0.172
8410,0.18
8411,0.162
8412,0.175
8413,0.176
8414,0.161
8415,0.162
8416,0.162
8417,0.162
8418,0.174
8419,0.174
8420,0.162
8421,0.181
8422,0.2
8423,0.181
8424,0.178
8425,0.162
8426,0.167
8427,0.172
8428,0.173
8429,0.162
8430,0.173
8431,0.162
8432,0.181
8433,0.176
8434,0.162
8435,0.161
8436,0.172
8437,0.161
8438,0.175
8439,0.181
8440,0.162
8441,0.173
8442,0.173
8443,0.162
8444,0.173
8445,0.163
8446,0.162
8447,0.173
8448,0.176
8449,0.162
8450,0.162
8451,0.162
8452,0.162
8453,0.173
8454,0.173
8455,0.162
8456,0.175
8457,0.173
8458,0.172
8459,0.173
8460,0.165
8461,0.162
8462,0.172
8463,0.162
8464,0.162
8465,0.162
8466,0.162
8467,0.174
8468,0.174
8469,0.163
8470,0.163
8471,0.181
8472,0.162
8473,0.181
8474,0.162
8475,0.162
8476,0.174
8477,0.174
8478,0.163
8479,0.162
8480,0.163
8481,0.175
8482,0.179
8483,0.163
8484,0.162
8485,0.174
8486,0.163
8487,0.181
8488,0.175
8489,0.163
8490,0.162
8491,0.176
8492,0.18
8493,0.171
8494,0.162
8495,0.162
8496,0.181
8497,0.176
8498,0.158
8499,0.162
8500,0.162
8501,0.186
8502,0.172
8503,0.163
8504,0.163
8505,0.173
8506,0.173
8507,0.173
8508,0.175
8509,0.162
8510,0.162
8511,0.173
8512,0.173
8513,0.162
8514,0.162
8515,0.165
8516,0.173
8517,0.183
8518,0.163
8519,0.163
8520,0.174
8521,0.168
8522,0.174
8523,0.163
8524,0.162
8525,0.173
8526,0.181
8527,0.162
8528,0.164
8529,0.162
8530,0.162
8531,0.172
8532,0.173
8533,0.162
8534,0.173
8535,0.162
8536,0.172
8537,0.18
8538,0.161
8539,0.162
8540,0.172
8541,0.174
8542,0.163
8543,0.162
8544,0.162
8545,0.187
8546,0.172
8547,0.162
8548,0.162
8549,0.162
8550,0.162
8551,0.172
8552,0.175
8553,0.161
8554,0.172
8555,0.175
8556,0.173
8557,0.173
8558,0.162
8559,0.162
